<?xml version="1.0" encoding="utf-8"?>
<ModelInformation Version="0.9">
  <Model>
    <P Name="SavedCharacterEncoding">ISO-8859-1</P>
    <GraphicalInterface>
      <P Name="NumRootInports">0</P>
      <P Name="NumRootOutports">0</P>
      <P Name="ParameterArgumentNames"></P>
      <P Name="ComputedModelVersion">1.25</P>
      <P Name="NumModelReferences">0</P>
      <P Name="NumTestPointedSignals">0</P>
    </GraphicalInterface>
    <P Name="SaveDefaultBlockParams">on</P>
    <P Name="ScopeRefreshTime">0.035000</P>
    <P Name="OverrideScopeRefreshTime">on</P>
    <P Name="DisableAllScopes">off</P>
    <P Name="DataTypeOverride">UseLocalSettings</P>
    <P Name="DataTypeOverrideAppliesTo">AllNumericTypes</P>
    <P Name="MinMaxOverflowLogging">UseLocalSettings</P>
    <P Name="MinMaxOverflowArchiveMode">Overwrite</P>
    <P Name="FPTRunName">Run 1</P>
    <P Name="MaxMDLFileLineLength">120</P>
    <Object PropName="BdWindowsInfo" ObjectID="1" ClassName="Simulink.BDWindowsInfo">
      <Object PropName="WindowsInfo" ObjectID="2" ClassName="Simulink.WindowInfo">
	<P Name="IsActive" Class="logical">1</P>
	<P Name="Location" Class="double">[455.0, 23.0, 800.0, 532.0]</P>
	<Object PropName="ModelBrowserInfo" ObjectID="3" ClassName="Simulink.ModelBrowserInfo">
	  <P Name="Visible" Class="logical">0</P>
	  <P Name="DockPosition" Class="char">Left</P>
	  <P Name="Width" Class="int32">50</P>
	  <P Name="Height" Class="int32">50</P>
	  <P Name="Filter" Class="int32">9</P>
	</Object>
	<Object PropName="ExplorerBarInfo" ObjectID="4" ClassName="Simulink.ExplorerBarInfo">
	  <P Name="Visible" Class="logical">1</P>
	</Object>
	<Object PropName="EditorsInfo" ObjectID="5" ClassName="Simulink.EditorInfo">
	  <P Name="IsActive" Class="logical">1</P>
	  <P Name="ViewObjType" Class="char">SimulinkTopLevel</P>
	  <P Name="LoadSaveID" Class="char">0</P>
	  <P Name="Extents" Class="double">[766.0, 362.0]</P>
	  <P Name="ZoomFactor" Class="double">1.0</P>
	  <P Name="Offset" Class="double">[0.0, 695.36206632852577]</P>
	</Object>
      </Object>
    </Object>
    <ConfigManagerSettings>
      <P Name="UpdateHistory">UpdateHistoryNever</P>
      <P Name="ModifiedByFormat">%&lt;Auto&gt;</P>
      <P Name="ModifiedDateFormat">%&lt;Auto&gt;</P>
      <P Name="RTWModifiedTimeStamp">385638615</P>
      <P Name="ModelVersionFormat">1.%&lt;AutoIncrement:25&gt;</P>
    </ConfigManagerSettings>
    <EditorSettings>
      <P Name="SampleTimeColors">off</P>
      <P Name="SampleTimeAnnotations">off</P>
      <P Name="LibraryLinkDisplay">disabled</P>
      <P Name="WideLines">off</P>
      <P Name="ShowLineDimensions">off</P>
      <P Name="ShowPortDataTypes">off</P>
      <P Name="ShowDesignRanges">off</P>
      <P Name="ShowLoopsOnError">on</P>
      <P Name="IgnoreBidirectionalLines">off</P>
      <P Name="ShowStorageClass">off</P>
      <P Name="ShowTestPointIcons">on</P>
      <P Name="ShowSignalResolutionIcons">on</P>
      <P Name="ShowViewerIcons">on</P>
      <P Name="SortedOrder">off</P>
      <P Name="ExecutionContextIcon">off</P>
      <P Name="ShowLinearizationAnnotations">on</P>
      <P Name="BlockNameDataTip">off</P>
      <P Name="BlockParametersDataTip">off</P>
      <P Name="BlockDescriptionStringDataTip">off</P>
      <P Name="ToolBar">on</P>
      <P Name="StatusBar">on</P>
      <P Name="BrowserShowLibraryLinks">off</P>
      <P Name="BrowserLookUnderMasks">off</P>
    </EditorSettings>
    <SimulationSettings>
      <P Name="SimulationMode">normal</P>
      <P Name="PauseTimes">5</P>
      <P Name="NumberOfSteps">1</P>
      <P Name="SnapshotBufferSize">10</P>
      <P Name="SnapshotInterval">10</P>
      <P Name="NumberOfLastSnapshots">0</P>
      <P Name="LinearizationMsg">none</P>
      <P Name="Profile">off</P>
      <P Name="ParamWorkspaceSource">MATLABWorkspace</P>
      <P Name="AccelSystemTargetFile">accel.tlc</P>
      <P Name="AccelTemplateMakefile">accel_default_tmf</P>
      <P Name="AccelMakeCommand">make_rtw</P>
      <P Name="TryForcingSFcnDF">off</P>
      <Object PropName="DataLoggingOverride" ObjectID="6" ClassName="Simulink.SimulationData.ModelLoggingInfo">
	<P Name="model_" Class="char">crea_sistema_sim</P>
	<P Name="overrideMode_" Class="uint32">0U</P>
	<Array PropName="logAsSpecifiedByModels_" Type="Cell" Dimension="1*1">
	  <Cell Class="char">crea_sistema_sim</Cell>
	</Array>
	<Array PropName="logAsSpecifiedByModelsSSIDs_" Type="Cell" Dimension="1*1">
	  <Cell Class="double">[]</Cell>
	</Array>
      </Object>
    </SimulationSettings>
    <Verification>
      <P Name="RecordCoverage">off</P>
      <P Name="CovPath">/</P>
      <P Name="CovSaveName">covdata</P>
      <P Name="CovMetricSettings">dw</P>
      <P Name="CovNameIncrementing">off</P>
      <P Name="CovHtmlReporting">on</P>
      <P Name="CovForceBlockReductionOff">on</P>
      <P Name="CovEnableCumulative">on</P>
      <P Name="covSaveCumulativeToWorkspaceVar">on</P>
      <P Name="CovSaveSingleToWorkspaceVar">on</P>
      <P Name="CovCumulativeVarName">covCumulativeData</P>
      <P Name="CovCumulativeReport">off</P>
      <P Name="CovReportOnPause">on</P>
      <P Name="CovModelRefEnable">Off</P>
      <P Name="CovExternalEMLEnable">off</P>
      <P Name="CovSFcnEnable">off</P>
      <P Name="CovBoundaryAbsTol">0.000010</P>
      <P Name="CovBoundaryRelTol">0.010000</P>
    </Verification>
    <ExternalMode>
      <P Name="ExtModeBatchMode">off</P>
      <P Name="ExtModeEnableFloating">on</P>
      <P Name="ExtModeTrigType">manual</P>
      <P Name="ExtModeTrigMode">normal</P>
      <P Name="ExtModeTrigPort">1</P>
      <P Name="ExtModeTrigElement">any</P>
      <P Name="ExtModeTrigDuration">1000</P>
      <P Name="ExtModeTrigDurationFloating">auto</P>
      <P Name="ExtModeTrigHoldOff">0</P>
      <P Name="ExtModeTrigDelay">0</P>
      <P Name="ExtModeTrigDirection">rising</P>
      <P Name="ExtModeTrigLevel">0</P>
      <P Name="ExtModeArchiveMode">off</P>
      <P Name="ExtModeAutoIncOneShot">off</P>
      <P Name="ExtModeIncDirWhenArm">off</P>
      <P Name="ExtModeAddSuffixToVar">off</P>
      <P Name="ExtModeWriteAllDataToWs">off</P>
      <P Name="ExtModeArmWhenConnect">on</P>
      <P Name="ExtModeSkipDownloadWhenConnect">off</P>
      <P Name="ExtModeLogAll">on</P>
      <P Name="ExtModeAutoUpdateStatusClock">on</P>
    </ExternalMode>
    <EngineSettings>
      <P Name="BufferReuse">on</P>
    </EngineSettings>
    <ModelReferenceSettings>
      <P Name="ShowModelReferenceBlockVersion">off</P>
      <P Name="ShowModelReferenceBlockIO">off</P>
    </ModelReferenceSettings>
    <ConfigurationSet>
      <Array PropName="ConfigurationSets" Type="Handle" Dimension="1*1">
	<Object ObjectID="7" Version="1.14.2" ClassName="Simulink.ConfigSet">
	  <Array PropName="Components" Type="Handle" Dimension="1*8">
	    <Object ObjectID="8" Version="1.14.2" ClassName="Simulink.SolverCC">
	      <P Name="StartTime">0.0</P>
	      <P Name="StopTime">300</P>
	      <P Name="AbsTol">auto</P>
	      <P Name="FixedStep">Tc1/1000</P>
	      <P Name="InitialStep">auto</P>
	      <P Name="MaxNumMinSteps">-1</P>
	      <P Name="MaxOrder">5</P>
	      <P Name="ZcThreshold">auto</P>
	      <P Name="ConsecutiveZCsStepRelTol">10*128*eps</P>
	      <P Name="MaxConsecutiveZCs">1000</P>
	      <P Name="ExtrapolationOrder">4</P>
	      <P Name="NumberNewtonIterations">1</P>
	      <P Name="MaxStep">1e-3</P>
	      <P Name="MinStep">1e-5</P>
	      <P Name="MaxConsecutiveMinStep">1</P>
	      <P Name="RelTol">1e-3</P>
	      <P Name="SolverMode">Auto</P>
	      <P Name="EnableConcurrentExecution">off</P>
	      <P Name="ConcurrentTasks">off</P>
	      <P Name="Solver">ode45</P>
	      <P Name="SolverName">ode45</P>
	      <P Name="SolverJacobianMethodControl">auto</P>
	      <P Name="ShapePreserveControl">DisableAll</P>
	      <P Name="ZeroCrossControl">UseLocalSettings</P>
	      <P Name="ZeroCrossAlgorithm">Nonadaptive</P>
	      <P Name="AlgebraicLoopSolver">TrustRegion</P>
	      <P Name="SolverResetMethod">Fast</P>
	      <P Name="PositivePriorityOrder">off</P>
	      <P Name="AutoInsertRateTranBlk">off</P>
	      <P Name="SampleTimeConstraint">Unconstrained</P>
	      <P Name="InsertRTBMode">Whenever possible</P>
	    </Object>
	    <Object ObjectID="9" Version="1.14.2" ClassName="Simulink.DataIOCC">
	      <P Name="Decimation">1</P>
	      <P Name="ExternalInput">[t, u]</P>
	      <P Name="FinalStateName">xFinal</P>
	      <P Name="InitialState">xInitial</P>
	      <P Name="LimitDataPoints">on</P>
	      <P Name="MaxDataPoints">1000</P>
	      <P Name="LoadExternalInput">off</P>
	      <P Name="LoadInitialState">off</P>
	      <P Name="SaveFinalState">off</P>
	      <P Name="SaveCompleteFinalSimState">off</P>
	      <P Name="SaveFormat">Array</P>
	      <P Name="SignalLoggingSaveFormat">Dataset</P>
	      <P Name="SaveOutput">on</P>
	      <P Name="SaveState">off</P>
	      <P Name="SignalLogging">on</P>
	      <P Name="DSMLogging">on</P>
	      <P Name="InspectSignalLogs">off</P>
	      <P Name="VisualizeSimOutput">on</P>
	      <P Name="SaveTime">on</P>
	      <P Name="ReturnWorkspaceOutputs">off</P>
	      <P Name="StateSaveName">xout</P>
	      <P Name="TimeSaveName">tout</P>
	      <P Name="OutputSaveName">yout</P>
	      <P Name="SignalLoggingName">logsout</P>
	      <P Name="DSMLoggingName">dsmout</P>
	      <P Name="OutputOption">RefineOutputTimes</P>
	      <P Name="OutputTimes">[]</P>
	      <P Name="ReturnWorkspaceOutputsName">out</P>
	      <P Name="Refine">1</P>
	    </Object>
	    <Object ObjectID="10" Version="1.14.2" ClassName="Simulink.OptimizationCC">
	      <Array PropName="DisabledProps" Type="Cell" Dimension="1*8">
		<Cell Class="char">BooleansAsBitfields</Cell>
		<Cell Class="char">PassReuseOutputArgsAs</Cell>
		<Cell Class="char">PassReuseOutputArgsThreshold</Cell>
		<Cell Class="char">ZeroExternalMemoryAtStartup</Cell>
		<Cell Class="char">ZeroInternalMemoryAtStartup</Cell>
		<Cell Class="char">OptimizeModelRefInitCode</Cell>
		<Cell Class="char">NoFixptDivByZeroProtection</Cell>
		<Cell Class="char">UseSpecifiedMinMax</Cell>
	      </Array>
	      <P Name="BlockReduction">on</P>
	      <P Name="BooleanDataType">on</P>
	      <P Name="ConditionallyExecuteInputs">on</P>
	      <P Name="InlineParams">off</P>
	      <P Name="UseIntDivNetSlope">off</P>
	      <P Name="UseFloatMulNetSlope">off</P>
	      <P Name="DefaultUnderspecifiedDataType">double</P>
	      <P Name="UseSpecifiedMinMax">off</P>
	      <P Name="InlineInvariantSignals">off</P>
	      <P Name="OptimizeBlockIOStorage">on</P>
	      <P Name="BufferReuse">on</P>
	      <P Name="EnhancedBackFolding">off</P>
	      <P Name="CachingGlobalReferences">off</P>
	      <P Name="GlobalBufferReuse">on</P>
	      <P Name="StrengthReduction">off</P>
	      <P Name="ExpressionFolding">on</P>
	      <P Name="BooleansAsBitfields">off</P>
	      <P Name="BitfieldContainerType">uint_T</P>
	      <P Name="EnableMemcpy">on</P>
	      <P Name="MemcpyThreshold">64</P>
	      <P Name="PassReuseOutputArgsAs">Structure reference</P>
	      <P Name="ExpressionDepthLimit">128</P>
	      <P Name="FoldNonRolledExpr">on</P>
	      <P Name="LocalBlockOutputs">on</P>
	      <P Name="RollThreshold">5</P>
	      <P Name="SystemCodeInlineAuto">off</P>
	      <P Name="StateBitsets">off</P>
	      <P Name="DataBitsets">off</P>
	      <P Name="ActiveStateOutputEnumStorageType">Native Integer</P>
	      <P Name="UseTempVars">off</P>
	      <P Name="ZeroExternalMemoryAtStartup">on</P>
	      <P Name="ZeroInternalMemoryAtStartup">on</P>
	      <P Name="InitFltsAndDblsToZero">off</P>
	      <P Name="NoFixptDivByZeroProtection">off</P>
	      <P Name="EfficientFloat2IntCast">off</P>
	      <P Name="EfficientMapNaN2IntZero">on</P>
	      <P Name="OptimizeModelRefInitCode">off</P>
	      <P Name="LifeSpan">inf</P>
	      <P Name="MaxStackSize">Inherit from target</P>
	      <P Name="BufferReusableBoundary">on</P>
	      <P Name="SimCompilerOptimization">Off</P>
	      <P Name="AccelVerboseBuild">off</P>
	      <P Name="ParallelExecutionInRapidAccelerator">on</P>
	    </Object>
	    <Object ObjectID="11" Version="1.14.2" ClassName="Simulink.DebuggingCC">
	      <P Name="RTPrefix">error</P>
	      <P Name="ConsistencyChecking">none</P>
	      <P Name="ArrayBoundsChecking">none</P>
	      <P Name="SignalInfNanChecking">none</P>
	      <P Name="SignalRangeChecking">none</P>
	      <P Name="ReadBeforeWriteMsg">UseLocalSettings</P>
	      <P Name="WriteAfterWriteMsg">UseLocalSettings</P>
	      <P Name="WriteAfterReadMsg">UseLocalSettings</P>
	      <P Name="AlgebraicLoopMsg">warning</P>
	      <P Name="ArtificialAlgebraicLoopMsg">warning</P>
	      <P Name="SaveWithDisabledLinksMsg">warning</P>
	      <P Name="SaveWithParameterizedLinksMsg">warning</P>
	      <P Name="CheckSSInitialOutputMsg">on</P>
	      <P Name="UnderspecifiedInitializationDetection">Simplified</P>
	      <P Name="MergeDetectMultiDrivingBlocksExec">none</P>
	      <P Name="CheckExecutionContextPreStartOutputMsg">off</P>
	      <P Name="CheckExecutionContextRuntimeOutputMsg">off</P>
	      <P Name="SignalResolutionControl">UseLocalSettings</P>
	      <P Name="BlockPriorityViolationMsg">warning</P>
	      <P Name="MinStepSizeMsg">warning</P>
	      <P Name="TimeAdjustmentMsg">none</P>
	      <P Name="MaxConsecutiveZCsMsg">error</P>
	      <P Name="MaskedZcDiagnostic">warning</P>
	      <P Name="IgnoredZcDiagnostic">warning</P>
	      <P Name="SolverPrmCheckMsg">warning</P>
	      <P Name="InheritedTsInSrcMsg">warning</P>
	      <P Name="DiscreteInheritContinuousMsg">warning</P>
	      <P Name="MultiTaskDSMMsg">error</P>
	      <P Name="MultiTaskCondExecSysMsg">error</P>
	      <P Name="MultiTaskRateTransMsg">error</P>
	      <P Name="SingleTaskRateTransMsg">none</P>
	      <P Name="TasksWithSamePriorityMsg">warning</P>
	      <P Name="SigSpecEnsureSampleTimeMsg">warning</P>
	      <P Name="CheckMatrixSingularityMsg">none</P>
	      <P Name="IntegerOverflowMsg">warning</P>
	      <P Name="Int32ToFloatConvMsg">warning</P>
	      <P Name="ParameterDowncastMsg">error</P>
	      <P Name="ParameterOverflowMsg">error</P>
	      <P Name="ParameterUnderflowMsg">none</P>
	      <P Name="ParameterPrecisionLossMsg">warning</P>
	      <P Name="ParameterTunabilityLossMsg">warning</P>
	      <P Name="FixptConstUnderflowMsg">none</P>
	      <P Name="FixptConstOverflowMsg">none</P>
	      <P Name="FixptConstPrecisionLossMsg">none</P>
	      <P Name="UnderSpecifiedDataTypeMsg">none</P>
	      <P Name="UnnecessaryDatatypeConvMsg">none</P>
	      <P Name="VectorMatrixConversionMsg">none</P>
	      <P Name="InvalidFcnCallConnMsg">error</P>
	      <P Name="FcnCallInpInsideContextMsg">EnableAllAsError</P>
	      <P Name="SignalLabelMismatchMsg">none</P>
	      <P Name="UnconnectedInputMsg">warning</P>
	      <P Name="UnconnectedOutputMsg">warning</P>
	      <P Name="UnconnectedLineMsg">warning</P>
	      <P Name="SFcnCompatibilityMsg">none</P>
	      <P Name="FrameProcessingCompatibilityMsg">warning</P>
	      <P Name="UniqueDataStoreMsg">none</P>
	      <P Name="BusObjectLabelMismatch">warning</P>
	      <P Name="RootOutportRequireBusObject">warning</P>
	      <P Name="AssertControl">UseLocalSettings</P>
	      <P Name="EnableOverflowDetection">off</P>
	      <P Name="ModelReferenceIOMsg">none</P>
	      <P Name="ModelReferenceMultiInstanceNormalModeStructChecksumCheck">error</P>
	      <P Name="ModelReferenceVersionMismatchMessage">none</P>
	      <P Name="ModelReferenceIOMismatchMessage">none</P>
	      <P Name="ModelReferenceCSMismatchMessage">none</P>
	      <P Name="UnknownTsInhSupMsg">warning</P>
	      <P Name="ModelReferenceDataLoggingMessage">warning</P>
	      <P Name="ModelReferenceSymbolNameMessage">warning</P>
	      <P Name="ModelReferenceExtraNoncontSigs">error</P>
	      <P Name="StateNameClashWarn">none</P>
	      <P Name="SimStateInterfaceChecksumMismatchMsg">warning</P>
	      <P Name="SimStateOlderReleaseMsg">error</P>
	      <P Name="InitInArrayFormatMsg">warning</P>
	      <P Name="StrictBusMsg">ErrorLevel1</P>
	      <P Name="BusNameAdapt">WarnAndRepair</P>
	      <P Name="NonBusSignalsTreatedAsBus">none</P>
	      <P Name="LoggingUnavailableSignals">error</P>
	      <P Name="BlockIODiagnostic">none</P>
	      <P Name="SFUnusedDataAndEventsDiag">warning</P>
	      <P Name="SFUnexpectedBacktrackingDiag">warning</P>
	      <P Name="SFInvalidInputDataAccessInChartInitDiag">warning</P>
	      <P Name="SFNoUnconditionalDefaultTransitionDiag">warning</P>
	      <P Name="SFTransitionOutsideNaturalParentDiag">warning</P>
	      <P Name="SFUnconditionalTransitionShadowingDiag">warning</P>
	      <P Name="SFUndirectedBroadcastEventsDiag">warning</P>
	      <P Name="SFTransitionActionBeforeConditionDiag">warning</P>
	    </Object>
	    <Object ObjectID="12" Version="1.14.2" ClassName="Simulink.HardwareCC">
	      <P Name="ProdBitPerChar">8</P>
	      <P Name="ProdBitPerShort">16</P>
	      <P Name="ProdBitPerInt">32</P>
	      <P Name="ProdBitPerLong">32</P>
	      <P Name="ProdBitPerLongLong">64</P>
	      <P Name="ProdBitPerFloat">32</P>
	      <P Name="ProdBitPerDouble">64</P>
	      <P Name="ProdBitPerPointer">32</P>
	      <P Name="ProdLargestAtomicInteger">Char</P>
	      <P Name="ProdLargestAtomicFloat">None</P>
	      <P Name="ProdIntDivRoundTo">Undefined</P>
	      <P Name="ProdEndianess">Unspecified</P>
	      <P Name="ProdWordSize">32</P>
	      <P Name="ProdShiftRightIntArith">on</P>
	      <P Name="ProdLongLongMode">off</P>
	      <P Name="ProdHWDeviceType">32-bit Generic</P>
	      <P Name="TargetBitPerChar">8</P>
	      <P Name="TargetBitPerShort">16</P>
	      <P Name="TargetBitPerInt">32</P>
	      <P Name="TargetBitPerLong">32</P>
	      <P Name="TargetBitPerLongLong">64</P>
	      <P Name="TargetBitPerFloat">32</P>
	      <P Name="TargetBitPerDouble">64</P>
	      <P Name="TargetBitPerPointer">32</P>
	      <P Name="TargetLargestAtomicInteger">Char</P>
	      <P Name="TargetLargestAtomicFloat">None</P>
	      <P Name="TargetShiftRightIntArith">on</P>
	      <P Name="TargetLongLongMode">off</P>
	      <P Name="TargetIntDivRoundTo">Undefined</P>
	      <P Name="TargetEndianess">Unspecified</P>
	      <P Name="TargetWordSize">32</P>
	      <P Name="TargetTypeEmulationWarnSuppressLevel">0</P>
	      <P Name="TargetPreprocMaxBitsSint">32</P>
	      <P Name="TargetPreprocMaxBitsUint">32</P>
	      <P Name="TargetHWDeviceType">Specified</P>
	      <P Name="TargetUnknown">off</P>
	      <P Name="ProdEqTarget">on</P>
	    </Object>
	    <Object ObjectID="13" Version="1.14.2" ClassName="Simulink.ModelReferenceCC">
	      <P Name="UpdateModelReferenceTargets">IfOutOfDateOrStructuralChange</P>
	      <P Name="CheckModelReferenceTargetMessage">error</P>
	      <P Name="EnableParallelModelReferenceBuilds">off</P>
	      <P Name="ParallelModelReferenceErrorOnInvalidPool">on</P>
	      <P Name="ParallelModelReferenceMATLABWorkerInit">None</P>
	      <P Name="ModelReferenceNumInstancesAllowed">Multi</P>
	      <P Name="PropagateVarSize">Infer from blocks in model</P>
	      <P Name="ModelReferencePassRootInputsByReference">on</P>
	      <P Name="ModelReferenceMinAlgLoopOccurrences">off</P>
	      <P Name="PropagateSignalLabelsOutOfModel">off</P>
	      <P Name="SupportModelReferenceSimTargetCustomCode">off</P>
	    </Object>
	    <Object ObjectID="14" Version="1.14.2" ClassName="Simulink.SFSimCC">
	      <P Name="SFSimEnableDebug">on</P>
	      <P Name="SFSimOverflowDetection">on</P>
	      <P Name="SFSimEcho">on</P>
	      <P Name="SimBlas">on</P>
	      <P Name="SimCtrlC">on</P>
	      <P Name="SimExtrinsic">on</P>
	      <P Name="SimIntegrity">on</P>
	      <P Name="SimUseLocalCustomCode">off</P>
	      <P Name="SimParseCustomCode">on</P>
	      <P Name="SimBuildMode">sf_incremental_build</P>
	      <P Name="SimGenImportedTypeDefs">off</P>
	    </Object>
	    <Object BackupClass="Simulink.RTWCC" ObjectID="15" Version="1.14.2" ClassName="Simulink.RTWCC">
	      <Array PropName="DisabledProps" Type="Cell" Dimension="1*15">
		<Cell Class="char">IncludeHyperlinkInReport</Cell>
		<Cell Class="char">GenerateTraceInfo</Cell>
		<Cell Class="char">GenerateTraceReport</Cell>
		<Cell Class="char">GenerateTraceReportSl</Cell>
		<Cell Class="char">GenerateTraceReportSf</Cell>
		<Cell Class="char">GenerateTraceReportEml</Cell>
		<Cell Class="char">PortableWordSizes</Cell>
		<Cell Class="char">GenerateWebview</Cell>
		<Cell Class="char">GenerateCodeMetricsReport</Cell>
		<Cell Class="char">GenerateCodeReplacementReport</Cell>
		<Cell Class="char">GenerateErtSFunction</Cell>
		<Cell Class="char">CreateSILPILBlock</Cell>
		<Cell Class="char">CodeExecutionProfiling</Cell>
		<Cell Class="char">CodeProfilingSaveOptions</Cell>
		<Cell Class="char">CodeProfilingInstrumentation</Cell>
	      </Array>
	      <P Name="SystemTargetFile">grt.tlc</P>
	      <P Name="TLCOptions"></P>
	      <P Name="GenCodeOnly">off</P>
	      <P Name="MakeCommand">make_rtw</P>
	      <P Name="GenerateMakefile">on</P>
	      <P Name="PackageGeneratedCodeAndArtifacts">off</P>
	      <P Name="PackageName"></P>
	      <P Name="TemplateMakefile">grt_default_tmf</P>
	      <P Name="PostCodeGenCommand"></P>
	      <P Name="Description"></P>
	      <P Name="GenerateReport">off</P>
	      <P Name="SaveLog">off</P>
	      <P Name="RTWVerbose">on</P>
	      <P Name="RetainRTWFile">off</P>
	      <P Name="ProfileTLC">off</P>
	      <P Name="TLCDebug">off</P>
	      <P Name="TLCCoverage">off</P>
	      <P Name="TLCAssert">off</P>
	      <P Name="ProcessScriptMode">Default</P>
	      <P Name="ConfigurationMode">Optimized</P>
	      <P Name="ProcessScript"></P>
	      <P Name="ConfigurationScript"></P>
	      <P Name="ConfigAtBuild">off</P>
	      <P Name="RTWUseLocalCustomCode">off</P>
	      <P Name="RTWUseSimCustomCode">off</P>
	      <P Name="CustomSourceCode"></P>
	      <P Name="CustomHeaderCode"></P>
	      <P Name="CustomInclude"></P>
	      <P Name="CustomSource"></P>
	      <P Name="CustomLibrary"></P>
	      <P Name="CustomInitializer"></P>
	      <P Name="CustomTerminator"></P>
	      <P Name="Toolchain">Automatically locate an installed toolchain</P>
	      <P Name="BuildConfiguration">Faster Builds</P>
	      <P Name="IncludeHyperlinkInReport">off</P>
	      <P Name="LaunchReport">off</P>
	      <P Name="PortableWordSizes">off</P>
	      <P Name="CreateSILPILBlock">None</P>
	      <P Name="CodeExecutionProfiling">off</P>
	      <P Name="CodeExecutionProfileVariable">executionProfile</P>
	      <P Name="CodeProfilingSaveOptions">SummaryOnly</P>
	      <P Name="CodeProfilingInstrumentation">off</P>
	      <P Name="SILDebugging">off</P>
	      <P Name="TargetLang">C</P>
	      <P Name="IncludeBusHierarchyInRTWFileBlockHierarchyMap">off</P>
	      <P Name="IncludeERTFirstTime">off</P>
	      <P Name="GenerateTraceInfo">off</P>
	      <P Name="GenerateTraceReport">off</P>
	      <P Name="GenerateTraceReportSl">off</P>
	      <P Name="GenerateTraceReportSf">off</P>
	      <P Name="GenerateTraceReportEml">off</P>
	      <P Name="GenerateCodeInfo">off</P>
	      <P Name="GenerateWebview">off</P>
	      <P Name="GenerateCodeMetricsReport">off</P>
	      <P Name="GenerateCodeReplacementReport">off</P>
	      <P Name="RTWCompilerOptimization">Off</P>
	      <P Name="RTWCustomCompilerOptimizations"></P>
	      <P Name="CheckMdlBeforeBuild">Off</P>
	      <P Name="CustomRebuildMode">OnUpdate</P>
	      <P Name="DataInitializer"></P>
	      <P Name="SharedConstantsCachingThreshold">1024</P>
	      <Array PropName="Components" Type="Handle" Dimension="1*2">
		<Object ObjectID="16" Version="1.14.2" ClassName="Simulink.CodeAppCC">
		  <Array PropName="DisabledProps" Type="Cell" Dimension="1*23">
		    <Cell Class="char">IgnoreCustomStorageClasses</Cell>
		    <Cell Class="char">IgnoreTestpoints</Cell>
		    <Cell Class="char">InsertBlockDesc</Cell>
		    <Cell Class="char">InsertPolySpaceComments</Cell>
		    <Cell Class="char">SFDataObjDesc</Cell>
		    <Cell Class="char">MATLABFcnDesc</Cell>
		    <Cell Class="char">SimulinkDataObjDesc</Cell>
		    <Cell Class="char">DefineNamingRule</Cell>
		    <Cell Class="char">SignalNamingRule</Cell>
		    <Cell Class="char">ParamNamingRule</Cell>
		    <Cell Class="char">InternalIdentifier</Cell>
		    <Cell Class="char">InlinedPrmAccess</Cell>
		    <Cell Class="char">CustomSymbolStr</Cell>
		    <Cell Class="char">CustomSymbolStrGlobalVar</Cell>
		    <Cell Class="char">CustomSymbolStrType</Cell>
		    <Cell Class="char">CustomSymbolStrField</Cell>
		    <Cell Class="char">CustomSymbolStrFcn</Cell>
		    <Cell Class="char">CustomSymbolStrFcnArg</Cell>
		    <Cell Class="char">CustomSymbolStrBlkIO</Cell>
		    <Cell Class="char">CustomSymbolStrTmpVar</Cell>
		    <Cell Class="char">CustomSymbolStrMacro</Cell>
		    <Cell Class="char">CustomSymbolStrUtil</Cell>
		    <Cell Class="char">ReqsInCode</Cell>
		  </Array>
		  <P Name="ForceParamTrailComments">off</P>
		  <P Name="GenerateComments">on</P>
		  <P Name="CommentStyle">Auto</P>
		  <P Name="IgnoreCustomStorageClasses">on</P>
		  <P Name="IgnoreTestpoints">off</P>
		  <P Name="IncHierarchyInIds">off</P>
		  <P Name="MaxIdLength">31</P>
		  <P Name="PreserveName">off</P>
		  <P Name="PreserveNameWithParent">off</P>
		  <P Name="ShowEliminatedStatement">off</P>
		  <P Name="OperatorAnnotations">off</P>
		  <P Name="IncAutoGenComments">off</P>
		  <P Name="SimulinkDataObjDesc">off</P>
		  <P Name="SFDataObjDesc">off</P>
		  <P Name="MATLABFcnDesc">off</P>
		  <P Name="IncDataTypeInIds">off</P>
		  <P Name="MangleLength">1</P>
		  <P Name="CustomSymbolStrGlobalVar">$R$N$M</P>
		  <P Name="CustomSymbolStrType">$N$R$M_T</P>
		  <P Name="CustomSymbolStrField">$N$M</P>
		  <P Name="CustomSymbolStrFcn">$R$N$M$F</P>
		  <P Name="CustomSymbolStrFcnArg">rt$I$N$M</P>
		  <P Name="CustomSymbolStrBlkIO">rtb_$N$M</P>
		  <P Name="CustomSymbolStrTmpVar">$N$M</P>
		  <P Name="CustomSymbolStrMacro">$R$N$M</P>
		  <P Name="CustomSymbolStrUtil">$N$C</P>
		  <P Name="DefineNamingRule">None</P>
		  <P Name="ParamNamingRule">None</P>
		  <P Name="SignalNamingRule">None</P>
		  <P Name="InsertBlockDesc">off</P>
		  <P Name="InsertPolySpaceComments">off</P>
		  <P Name="SimulinkBlockComments">on</P>
		  <P Name="MATLABSourceComments">off</P>
		  <P Name="EnableCustomComments">off</P>
		  <P Name="InternalIdentifier">Shortened</P>
		  <P Name="InlinedPrmAccess">Literals</P>
		  <P Name="ReqsInCode">off</P>
		  <P Name="UseSimReservedNames">off</P>
		</Object>
		<Object BackupClass="Simulink.TargetCC" ObjectID="17" Version="1.14.2" ClassName="Simulink.GRTTargetCC">
		  <Array PropName="DisabledProps" Type="Cell" Dimension="1*14">
		    <Cell Class="char">GeneratePreprocessorConditionals</Cell>
		    <Cell Class="char">IncludeMdlTerminateFcn</Cell>
		    <Cell Class="char">CombineOutputUpdateFcns</Cell>
		    <Cell Class="char">SuppressErrorStatus</Cell>
		    <Cell Class="char">ERTCustomFileBanners</Cell>
		    <Cell Class="char">GenerateSampleERTMain</Cell>
		    <Cell Class="char">GenerateTestInterfaces</Cell>
		    <Cell Class="char">ModelStepFunctionPrototypeControlCompliant</Cell>
		    <Cell Class="char">GenerateAllocFcn</Cell>
		    <Cell Class="char">PurelyIntegerCode</Cell>
		    <Cell Class="char">SupportComplex</Cell>
		    <Cell Class="char">SupportAbsoluteTime</Cell>
		    <Cell Class="char">SupportContinuousTime</Cell>
		    <Cell Class="char">SupportNonInlinedSFcns</Cell>
		  </Array>
		  <P Name="TargetFcnLib">ansi_tfl_table_tmw.mat</P>
		  <P Name="TargetLibSuffix"></P>
		  <P Name="TargetPreCompLibLocation"></P>
		  <P Name="GenFloatMathFcnCalls">NOT IN USE</P>
		  <P Name="TargetLangStandard">C89/C90 (ANSI)</P>
		  <P Name="CodeReplacementLibrary">None</P>
		  <P Name="UtilityFuncGeneration">Auto</P>
		  <P Name="ERTMultiwordTypeDef">System defined</P>
		  <P Name="ERTMultiwordLength">256</P>
		  <P Name="MultiwordLength">2048</P>
		  <P Name="GenerateFullHeader">on</P>
		  <P Name="GenerateSampleERTMain">off</P>
		  <P Name="GenerateTestInterfaces">off</P>
		  <P Name="ModelReferenceCompliant">on</P>
		  <P Name="ParMdlRefBuildCompliant">on</P>
		  <P Name="CompOptLevelCompliant">on</P>
		  <P Name="ConcurrentExecutionCompliant">on</P>
		  <P Name="IncludeMdlTerminateFcn">on</P>
		  <P Name="GeneratePreprocessorConditionals">Disable all</P>
		  <P Name="CombineOutputUpdateFcns">on</P>
		  <P Name="CombineSignalStateStructs">off</P>
		  <P Name="SuppressErrorStatus">off</P>
		  <P Name="ERTFirstTimeCompliant">off</P>
		  <P Name="IncludeFileDelimiter">Auto</P>
		  <P Name="ERTCustomFileBanners">off</P>
		  <P Name="SupportAbsoluteTime">on</P>
		  <P Name="LogVarNameModifier">rt_</P>
		  <P Name="MatFileLogging">on</P>
		  <P Name="MultiInstanceERTCode">off</P>
		  <P Name="CodeInterfacePackaging">Nonreusable function</P>
		  <P Name="SupportNonFinite">on</P>
		  <P Name="SupportComplex">on</P>
		  <P Name="PurelyIntegerCode">off</P>
		  <P Name="SupportContinuousTime">on</P>
		  <P Name="SupportNonInlinedSFcns">on</P>
		  <P Name="SupportVariableSizeSignals">off</P>
		  <P Name="EnableShiftOperators">on</P>
		  <P Name="ParenthesesLevel">Nominal</P>
		  <P Name="MATLABClassNameForMDSCustomization">Simulink.SoftwareTarget.GRTCustomization</P>
		  <P Name="ModelStepFunctionPrototypeControlCompliant">off</P>
		  <P Name="CPPClassGenCompliant">on</P>
		  <P Name="AutosarCompliant">off</P>
		  <P Name="GRTInterface">off</P>
		  <P Name="GenerateAllocFcn">off</P>
		  <P Name="UseMalloc">off</P>
		  <P Name="ExtMode">off</P>
		  <P Name="ExtModeStaticAlloc">off</P>
		  <P Name="ExtModeTesting">off</P>
		  <P Name="ExtModeStaticAllocSize">1000000</P>
		  <P Name="ExtModeTransport">0</P>
		  <P Name="ExtModeMexFile">ext_comm</P>
		  <P Name="ExtModeIntrfLevel">Level1</P>
		  <P Name="RTWCAPISignals">off</P>
		  <P Name="RTWCAPIParams">off</P>
		  <P Name="RTWCAPIStates">off</P>
		  <P Name="RTWCAPIRootIO">off</P>
		  <P Name="GenerateASAP2">off</P>
		  <P Name="MultiInstanceErrorCode">Error</P>
		</Object>
	      </Array>
	    </Object>
	  </Array>
	  <P Name="Name">Configuration</P>
	  <P Name="CurrentDlgPage">Solver</P>
	  <P Name="ConfigPrmDlgPosition"> [ 420, 23, 1500, 971 ] </P>
	</Object>
      </Array>
      <Object Reference="true" PropName="ActiveConfigurationSet" ObjectID="7" ClassName="Simulink.ConfigSet">
      </Object>
    </ConfigurationSet>
    <ConcurrentExecutionSettings>
      <Object PropName="DataTransfer" ObjectID="18" ClassName="Simulink.GlobalDataTransfer">
	<P Name="DefaultTransitionBetweenSyncTasks" Class="char">Ensure deterministic transfer (maximum delay)</P>
	<P Name="DefaultTransitionBetweenAsyncTasks" Class="char">Ensure data integrity only</P>
	<P Name="DefaultTransitionBetweenContTasks" Class="char">Ensure deterministic transfer (minimum delay)</P>
	<P Name="DefaultExtrapolationMethodBetweenContTasks" Class="char">None</P>
	<P Name="AutoInsertRateTranBlk" Class="logical">0</P>
      </Object>
      <P Name="ExplicitPartitioning">off</P>
    </ConcurrentExecutionSettings>
    <SystemDefaults>
      <P Name="PaperOrientation">landscape</P>
      <P Name="PaperPositionMode">auto</P>
      <P Name="PaperType">A4</P>
      <P Name="PaperUnits">centimeters</P>
      <P Name="TiledPaperMargins">[1.270000, 1.270000, 1.270000, 1.270000]</P>
      <P Name="TiledPageScale">1</P>
      <P Name="ShowPageBoundaries">off</P>
      <P Name="ModelBrowserVisibility">off</P>
      <P Name="ModelBrowserWidth">200</P>
      <P Name="ScreenColor">white</P>
    </SystemDefaults>
    <BlockDefaults>
      <P Name="ForegroundColor">black</P>
      <P Name="BackgroundColor">white</P>
      <P Name="DropShadow">off</P>
      <P Name="NamePlacement">normal</P>
      <P Name="FontName">Helvetica</P>
      <P Name="FontSize">10</P>
      <P Name="FontWeight">normal</P>
      <P Name="FontAngle">normal</P>
      <P Name="ShowName">on</P>
      <P Name="BlockRotation">0</P>
      <P Name="BlockMirror">off</P>
    </BlockDefaults>
    <AnnotationDefaults>
      <P Name="HorizontalAlignment">center</P>
      <P Name="VerticalAlignment">middle</P>
      <P Name="ForegroundColor">black</P>
      <P Name="BackgroundColor">white</P>
      <P Name="DropShadow">off</P>
      <P Name="FontName">Helvetica</P>
      <P Name="FontSize">10</P>
      <P Name="FontWeight">normal</P>
      <P Name="FontAngle">normal</P>
      <P Name="UseDisplayTextAsClickCallback">off</P>
    </AnnotationDefaults>
    <LineDefaults>
      <P Name="FontName">Helvetica</P>
      <P Name="FontSize">9</P>
      <P Name="FontWeight">normal</P>
      <P Name="FontAngle">normal</P>
    </LineDefaults>
    <MaskDefaults>
      <P Name="SelfModifiable">off</P>
      <P Name="IconFrame">on</P>
      <P Name="IconOpaque">on</P>
      <P Name="RunInitForIconRedraw">off</P>
      <P Name="IconRotate">none</P>
      <P Name="PortRotate">default</P>
      <P Name="IconUnits">autoscale</P>
    </MaskDefaults>
    <MaskParameterDefaults>
      <P Name="Evaluate">on</P>
      <P Name="Tunable">on</P>
      <P Name="NeverSave">off</P>
      <P Name="Internal">off</P>
      <P Name="ReadOnly">off</P>
      <P Name="Enabled">on</P>
      <P Name="Visible">on</P>
      <P Name="ToolTip">on</P>
    </MaskParameterDefaults>
    <BlockParameterDefaults>
      <Block BlockType="DiscretePulseGenerator">
	<P Name="PulseType">Sample based</P>
	<P Name="TimeSource">Use simulation time</P>
	<P Name="Amplitude">1</P>
	<P Name="Period">2</P>
	<P Name="PulseWidth">1</P>
	<P Name="PhaseDelay">0</P>
	<P Name="SampleTime">1</P>
	<P Name="VectorParams1D">on</P>
      </Block>
      <Block BlockType="DiscreteTransferFcn">
	<P Name="NumeratorSource">Dialog</P>
	<P Name="Numerator">[1]</P>
	<P Name="DenominatorSource">Dialog</P>
	<P Name="Denominator">[1 0.5]</P>
	<P Name="InitialStatesSource">Dialog</P>
	<P Name="InitialStates">0</P>
	<P Name="InputProcessing">Elements as channels (sample based)</P>
	<P Name="ExternalReset">None</P>
	<P Name="InitialDenominatorStates">0</P>
	<P Name="FilterStructure">Direct form II</P>
	<P Name="SampleTime">-1</P>
	<P Name="a0EqualsOne">off</P>
	<P Name="NumCoefMin">[]</P>
	<P Name="NumCoefMax">[]</P>
	<P Name="DenCoefMin">[]</P>
	<P Name="DenCoefMax">[]</P>
	<P Name="OutMin">[]</P>
	<P Name="OutMax">[]</P>
	<P Name="StateDataTypeStr">Inherit: Same as input</P>
	<P Name="MultiplicandDataTypeStr">Inherit: Same as input</P>
	<P Name="NumCoefDataTypeStr">Inherit: Inherit via internal rule</P>
	<P Name="DenCoefDataTypeStr">Inherit: Inherit via internal rule</P>
	<P Name="NumProductDataTypeStr">Inherit: Inherit via internal rule</P>
	<P Name="DenProductDataTypeStr">Inherit: Inherit via internal rule</P>
	<P Name="NumAccumDataTypeStr">Inherit: Inherit via internal rule</P>
	<P Name="DenAccumDataTypeStr">Inherit: Inherit via internal rule</P>
	<P Name="OutDataTypeStr">Inherit: Inherit via internal rule</P>
	<P Name="LockScale">off</P>
	<P Name="RndMeth">Floor</P>
	<P Name="SaturateOnIntegerOverflow">off</P>
	<P Name="StateMustResolveToSignalObject">off</P>
	<P Name="RTWStateStorageClass">Auto</P>
      </Block>
      <Block BlockType="Gain">
	<P Name="Gain">1</P>
	<P Name="Multiplication">Element-wise(K.*u)</P>
	<P Name="ParamMin">[]</P>
	<P Name="ParamMax">[]</P>
	<P Name="ParamDataTypeStr">Inherit: Same as input</P>
	<P Name="OutMin">[]</P>
	<P Name="OutMax">[]</P>
	<P Name="OutDataTypeStr">Inherit: Same as input</P>
	<P Name="LockScale">off</P>
	<P Name="RndMeth">Floor</P>
	<P Name="SaturateOnIntegerOverflow">on</P>
	<P Name="SampleTime">-1</P>
      </Block>
      <Block BlockType="Inport">
	<P Name="Port">1</P>
	<P Name="OutputFunctionCall">off</P>
	<P Name="OutMin">[]</P>
	<P Name="OutMax">[]</P>
	<P Name="OutDataTypeStr">Inherit: auto</P>
	<P Name="LockScale">off</P>
	<P Name="BusOutputAsStruct">off</P>
	<P Name="PortDimensions">-1</P>
	<P Name="VarSizeSig">Inherit</P>
	<P Name="SampleTime">-1</P>
	<P Name="SignalType">auto</P>
	<P Name="SamplingMode">auto</P>
	<P Name="LatchByDelayingOutsideSignal">off</P>
	<P Name="LatchInputForFeedbackSignals">off</P>
	<P Name="Interpolate">on</P>
      </Block>
      <Block BlockType="Mux">
	<P Name="Inputs">4</P>
	<P Name="DisplayOption">none</P>
	<P Name="UseBusObject">off</P>
	<P Name="BusObject">BusObject</P>
	<P Name="NonVirtualBus">off</P>
      </Block>
      <Block BlockType="Outport">
	<P Name="Port">1</P>
	<P Name="OutMin">[]</P>
	<P Name="OutMax">[]</P>
	<P Name="OutDataTypeStr">Inherit: auto</P>
	<P Name="LockScale">off</P>
	<P Name="BusOutputAsStruct">off</P>
	<P Name="PortDimensions">-1</P>
	<P Name="VarSizeSig">Inherit</P>
	<P Name="SampleTime">-1</P>
	<P Name="SignalType">auto</P>
	<P Name="SamplingMode">auto</P>
	<P Name="SourceOfInitialOutputValue">Dialog</P>
	<P Name="OutputWhenDisabled">held</P>
	<P Name="InitialOutput">[]</P>
      </Block>
      <Block BlockType="Scope">
	<P Name="ModelBased">off</P>
	<P Name="TickLabels">OneTimeTick</P>
	<P Name="ZoomMode">on</P>
	<P Name="Grid">on</P>
	<P Name="TimeRange">auto</P>
	<P Name="YMin">-5</P>
	<P Name="YMax">5</P>
	<P Name="SaveToWorkspace">off</P>
	<P Name="SaveName">ScopeData</P>
	<P Name="DataFormat">Array</P>
	<P Name="LimitDataPoints">on</P>
	<P Name="MaxDataPoints">5000</P>
	<P Name="Decimation">1</P>
	<P Name="SampleInput">off</P>
	<P Name="SampleTime">-1</P>
      </Block>
      <Block BlockType="Step">
	<P Name="Time">1</P>
	<P Name="Before">0</P>
	<P Name="After">1</P>
	<P Name="SampleTime">-1</P>
	<P Name="VectorParams1D">on</P>
	<P Name="ZeroCross">on</P>
      </Block>
      <Block BlockType="SubSystem">
	<P Name="ShowPortLabels">FromPortIcon</P>
	<P Name="Permissions">ReadWrite</P>
	<P Name="PermitHierarchicalResolution">All</P>
	<P Name="TreatAsAtomicUnit">off</P>
	<P Name="MinAlgLoopOccurrences">off</P>
	<P Name="PropExecContextOutsideSubsystem">off</P>
	<P Name="CheckFcnCallInpInsideContextMsg">off</P>
	<P Name="SystemSampleTime">-1</P>
	<P Name="RTWSystemCode">Auto</P>
	<P Name="RTWFcnNameOpts">Auto</P>
	<P Name="RTWFileNameOpts">Auto</P>
	<P Name="FunctionInterfaceSpec">void_void</P>
	<P Name="FunctionWithSeparateData">off</P>
	<P Name="RTWMemSecFuncInitTerm">Inherit from model</P>
	<P Name="RTWMemSecFuncExecute">Inherit from model</P>
	<P Name="RTWMemSecDataConstants">Inherit from model</P>
	<P Name="RTWMemSecDataInternal">Inherit from model</P>
	<P Name="RTWMemSecDataParameters">Inherit from model</P>
	<P Name="SimViewingDevice">off</P>
	<P Name="DataTypeOverride">UseLocalSettings</P>
	<P Name="DataTypeOverrideAppliesTo">AllNumericTypes</P>
	<P Name="MinMaxOverflowLogging">UseLocalSettings</P>
	<P Name="Opaque">off</P>
	<P Name="MaskHideContents">off</P>
	<P Name="SFBlockType">NONE</P>
	<P Name="Variant">off</P>
	<P Name="GeneratePreprocessorConditionals">off</P>
	<P Name="ContentPreviewEnabled">off</P>
      </Block>
      <Block BlockType="Sum">
	<P Name="IconShape">rectangular</P>
	<P Name="Inputs">++</P>
	<P Name="CollapseMode">All dimensions</P>
	<P Name="CollapseDim">1</P>
	<P Name="InputSameDT">on</P>
	<P Name="AccumDataTypeStr">Inherit: Inherit via internal rule</P>
	<P Name="OutMin">[]</P>
	<P Name="OutMax">[]</P>
	<P Name="OutDataTypeStr">Inherit: Same as first input</P>
	<P Name="LockScale">off</P>
	<P Name="RndMeth">Floor</P>
	<P Name="SaturateOnIntegerOverflow">on</P>
	<P Name="SampleTime">-1</P>
      </Block>
      <Block BlockType="TransferFcn">
	<P Name="Numerator">[1]</P>
	<P Name="Denominator">[1 2 1]</P>
	<P Name="AbsoluteTolerance">auto</P>
	<P Name="ContinuousStateAttributes">&apos;&apos;</P>
	<P Name="Realization">auto</P>
      </Block>
      <Block BlockType="TransportDelay">
	<P Name="DelayTime">1</P>
	<P Name="InitialOutput">0</P>
	<P Name="BufferSize">1024</P>
	<P Name="FixedBuffer">off</P>
	<P Name="TransDelayFeedthrough">off</P>
	<P Name="PadeOrder">0</P>
      </Block>
      <Block BlockType="TriggerPort">
	<P Name="TriggerType">rising</P>
	<P Name="StatesWhenEnabling">inherit</P>
	<P Name="PropagateVarSize">During execution</P>
	<P Name="ShowOutputPort">off</P>
	<P Name="OutputDataType">auto</P>
	<P Name="SampleTimeType">triggered</P>
	<P Name="SampleTime">1</P>
	<P Name="ZeroCross">on</P>
	<P Name="PortDimensions">-1</P>
	<P Name="TriggerSignalSampleTime">-1</P>
	<P Name="OutMin">[]</P>
	<P Name="OutMax">[]</P>
	<P Name="OutDataTypeStr">Inherit: auto</P>
	<P Name="Interpolate">on</P>
      </Block>
    </BlockParameterDefaults>
    <System>
      <P Name="Location">[455, 23, 1255, 555]</P>
      <P Name="Open">on</P>
      <P Name="ModelBrowserWidth">200</P>
      <P Name="TiledPaperMargins">[1.270000, 1.270000, 1.270000, 1.270000]</P>
      <P Name="TiledPageScale">1</P>
      <P Name="ZoomFactor">100</P>
      <P Name="ReportName">simulink-default.rpt</P>
      <P Name="SIDHighWatermark">267</P>
      <Block BlockType="Sum" Name="Add" SID="154">
	<P Name="Ports">[2, 1]</P>
	<P Name="Position">[140, 456, 170, 489]</P>
	<P Name="ZOrder">100</P>
	<P Name="Inputs">+-</P>
	<P Name="InputSameDT">off</P>
	<P Name="OutDataTypeStr">Inherit: Inherit via internal rule</P>
	<P Name="SaturateOnIntegerOverflow">off</P>
      </Block>
      <Block BlockType="Sum" Name="Add1" SID="169">
	<P Name="Ports">[2, 1]</P>
	<P Name="Position">[140, 596, 170, 629]</P>
	<P Name="ZOrder">106</P>
	<P Name="Inputs">+-</P>
	<P Name="InputSameDT">off</P>
	<P Name="OutDataTypeStr">Inherit: Inherit via internal rule</P>
	<P Name="SaturateOnIntegerOverflow">off</P>
      </Block>
      <Block BlockType="Sum" Name="Add2" SID="187">
	<P Name="Ports">[2, 1]</P>
	<P Name="Position">[140, 771, 170, 804]</P>
	<P Name="ZOrder">111</P>
	<P Name="Inputs">+-</P>
	<P Name="InputSameDT">off</P>
	<P Name="OutDataTypeStr">Inherit: Inherit via internal rule</P>
	<P Name="SaturateOnIntegerOverflow">off</P>
      </Block>
      <Block BlockType="Sum" Name="Add3" SID="209">
	<P Name="Ports">[2, 1]</P>
	<P Name="Position">[325, 451, 355, 484]</P>
	<P Name="ZOrder">117</P>
	<P Name="InputSameDT">off</P>
	<P Name="OutDataTypeStr">Inherit: Inherit via internal rule</P>
	<P Name="SaturateOnIntegerOverflow">off</P>
      </Block>
      <Block BlockType="Sum" Name="Add4" SID="210">
	<P Name="Ports">[2, 1]</P>
	<P Name="Position">[330, 591, 360, 624]</P>
	<P Name="ZOrder">118</P>
	<P Name="InputSameDT">off</P>
	<P Name="OutDataTypeStr">Inherit: Inherit via internal rule</P>
	<P Name="SaturateOnIntegerOverflow">off</P>
      </Block>
      <Block BlockType="Sum" Name="Add5" SID="211">
	<P Name="Ports">[2, 1]</P>
	<P Name="Position">[335, 766, 365, 799]</P>
	<P Name="ZOrder">119</P>
	<P Name="InputSameDT">off</P>
	<P Name="OutDataTypeStr">Inherit: Inherit via internal rule</P>
	<P Name="SaturateOnIntegerOverflow">off</P>
      </Block>
      <Block BlockType="Sum" Name="Add6" SID="213">
	<P Name="Ports">[2, 1]</P>
	<P Name="Position">[140, 956, 170, 989]</P>
	<P Name="ZOrder">125</P>
	<P Name="Inputs">+-</P>
	<P Name="InputSameDT">off</P>
	<P Name="OutDataTypeStr">Inherit: Inherit via internal rule</P>
	<P Name="SaturateOnIntegerOverflow">off</P>
      </Block>
      <Block BlockType="Sum" Name="Add7" SID="214">
	<P Name="Ports">[2, 1]</P>
	<P Name="Position">[335, 951, 365, 984]</P>
	<P Name="ZOrder">126</P>
	<P Name="InputSameDT">off</P>
	<P Name="OutDataTypeStr">Inherit: Inherit via internal rule</P>
	<P Name="SaturateOnIntegerOverflow">off</P>
      </Block>
      <Block BlockType="DiscreteTransferFcn" Name="Discrete&#xA;Transfer Fcn" SID="212">
	<P Name="Ports">[1, 1]</P>
	<P Name="Position">[330, 297, 390, 333]</P>
	<P Name="ZOrder">120</P>
	<P Name="InputPortMap">u0</P>
	<P Name="Numerator">cell2mat(approx_td.num)</P>
	<P Name="Denominator">cell2mat(approx_td.den)</P>
	<P Name="SampleTime">Tc</P>
      </Block>
      <Block BlockType="Mux" Name="Mux" SID="133">
	<P Name="Ports">[3, 1]</P>
	<P Name="Position">[555, 191, 560, 229]</P>
	<P Name="ZOrder">91</P>
	<P Name="ShowName">off</P>
	<P Name="Inputs">3</P>
	<P Name="DisplayOption">bar</P>
      </Block>
      <Block BlockType="Mux" Name="Mux1" SID="134">
	<P Name="Ports">[2, 1]</P>
	<P Name="Position">[560, 491, 565, 529]</P>
	<P Name="ZOrder">97</P>
	<P Name="ShowName">off</P>
	<P Name="Inputs">2</P>
	<P Name="DisplayOption">bar</P>
      </Block>
      <Block BlockType="Mux" Name="Mux2" SID="203">
	<P Name="Ports">[2, 1]</P>
	<P Name="Position">[560, 661, 565, 699]</P>
	<P Name="ZOrder">113</P>
	<P Name="ShowName">off</P>
	<P Name="Inputs">2</P>
	<P Name="DisplayOption">bar</P>
      </Block>
      <Block BlockType="Mux" Name="Mux3" SID="236">
	<P Name="Ports">[2, 1]</P>
	<P Name="Position">[570, 846, 575, 884]</P>
	<P Name="ZOrder">127</P>
	<P Name="ShowName">off</P>
	<P Name="Inputs">2</P>
	<P Name="DisplayOption">bar</P>
      </Block>
      <Block BlockType="DiscretePulseGenerator" Name="Pulse&#xA;Generator" SID="186">
	<P Name="Ports">[0, 1]</P>
	<P Name="Position">[115, 354, 145, 386]</P>
	<P Name="ZOrder">107</P>
	<P Name="PulseType">Time based</P>
	<P Name="Period">Tc</P>
	<P Name="PulseWidth">5</P>
      </Block>
      <Block BlockType="Scope" Name="Scope" SID="130">
	<P Name="Ports">[1]</P>
	<P Name="Position">[625, 159, 655, 191]</P>
	<P Name="ZOrder">88</P>
	<P Name="Floating">off</P>
	<P Name="Location">[308, 451, 1319, 1065]</P>
	<P Name="Open">off</P>
	<P Name="NumInputPorts">1</P>
	<List ListType="AxesTitles">
	  <P Name="axes1">%&lt;SignalLabel&gt;</P>
	</List>
	<List ListType="ScopeGraphics">
	  <P Name="FigureColor">[0.5 0.5 0.5]</P>
	  <P Name="AxesColor">[0 0 0]</P>
	  <P Name="AxesTickColor">[1 1 1]</P>
	  <P Name="LineColors">[1 1 0;1 0 1;0 1 1;1 0 0;0 1 0;0 0 1]</P>
	  <P Name="LineStyles">-|-|-|-|-|-</P>
	  <P Name="LineWidths">[0.5 0.5 0.5 0.5 0.5 0.5]</P>
	  <P Name="MarkerStyles">none|none|none|none|none|none</P>
	</List>
	<P Name="ShowLegends">off</P>
	<P Name="DataFormat">StructureWithTime</P>
	<P Name="LimitDataPoints">off</P>
	<P Name="SampleTime">0</P>
      </Block>
      <Block BlockType="Scope" Name="Scope1" SID="135">
	<P Name="Ports">[1]</P>
	<P Name="Position">[630, 459, 660, 491]</P>
	<P Name="ZOrder">94</P>
	<P Name="Floating">off</P>
	<P Name="Location">[1, 72, 801, 556]</P>
	<P Name="Open">off</P>
	<P Name="NumInputPorts">1</P>
	<List ListType="AxesTitles">
	  <P Name="axes1">%&lt;SignalLabel&gt;</P>
	</List>
	<List ListType="ScopeGraphics">
	  <P Name="FigureColor">[0.5 0.5 0.5]</P>
	  <P Name="AxesColor">[0 0 0]</P>
	  <P Name="AxesTickColor">[1 1 1]</P>
	  <P Name="LineColors">[1 1 0;1 0 1;0 1 1;1 0 0;0 1 0;0 0 1]</P>
	  <P Name="LineStyles">-|-|-|-|-|-</P>
	  <P Name="LineWidths">[0.5 0.5 0.5 0.5 0.5 0.5]</P>
	  <P Name="MarkerStyles">none|none|none|none|none|none</P>
	</List>
	<P Name="ShowLegends">off</P>
	<P Name="SaveName">ScopeData1</P>
	<P Name="DataFormat">StructureWithTime</P>
	<P Name="LimitDataPoints">off</P>
	<P Name="SampleTime">0</P>
      </Block>
      <Block BlockType="Scope" Name="Scope2" SID="204">
	<P Name="Ports">[1]</P>
	<P Name="Position">[630, 629, 660, 661]</P>
	<P Name="ZOrder">112</P>
	<P Name="Floating">off</P>
	<P Name="Location">[1, 72, 801, 556]</P>
	<P Name="Open">off</P>
	<P Name="NumInputPorts">1</P>
	<List ListType="AxesTitles">
	  <P Name="axes1">%&lt;SignalLabel&gt;</P>
	</List>
	<List ListType="ScopeGraphics">
	  <P Name="FigureColor">[0.5 0.5 0.5]</P>
	  <P Name="AxesColor">[0 0 0]</P>
	  <P Name="AxesTickColor">[1 1 1]</P>
	  <P Name="LineColors">[1 1 0;1 0 1;0 1 1;1 0 0;0 1 0;0 0 1]</P>
	  <P Name="LineStyles">-|-|-|-|-|-</P>
	  <P Name="LineWidths">[0.5 0.5 0.5 0.5 0.5 0.5]</P>
	  <P Name="MarkerStyles">none|none|none|none|none|none</P>
	</List>
	<P Name="ShowLegends">off</P>
	<P Name="SaveName">ScopeData2</P>
	<P Name="DataFormat">StructureWithTime</P>
	<P Name="LimitDataPoints">off</P>
	<P Name="SampleTime">0</P>
      </Block>
      <Block BlockType="Scope" Name="Scope3" SID="237">
	<P Name="Ports">[1]</P>
	<P Name="Position">[620, 849, 650, 881]</P>
	<P Name="ZOrder">128</P>
	<P Name="Floating">off</P>
	<P Name="Location">[1, 72, 801, 556]</P>
	<P Name="Open">off</P>
	<P Name="NumInputPorts">1</P>
	<List ListType="AxesTitles">
	  <P Name="axes1">%&lt;SignalLabel&gt;</P>
	</List>
	<List ListType="ScopeGraphics">
	  <P Name="FigureColor">[0.5 0.5 0.5]</P>
	  <P Name="AxesColor">[0 0 0]</P>
	  <P Name="AxesTickColor">[1 1 1]</P>
	  <P Name="LineColors">[1 1 0;1 0 1;0 1 1;1 0 0;0 1 0;0 0 1]</P>
	  <P Name="LineStyles">-|-|-|-|-|-</P>
	  <P Name="LineWidths">[0.5 0.5 0.5 0.5 0.5 0.5]</P>
	  <P Name="MarkerStyles">none|none|none|none|none|none</P>
	</List>
	<P Name="ShowLegends">off</P>
	<P Name="SaveName">ScopeData3</P>
	<P Name="DataFormat">StructureWithTime</P>
	<P Name="LimitDataPoints">off</P>
	<P Name="SampleTime">0</P>
      </Block>
      <Block BlockType="Scope" Name="Scope4" SID="248">
	<P Name="Ports">[1]</P>
	<P Name="Position">[350, 864, 380, 896]</P>
	<P Name="ZOrder">131</P>
	<P Name="Floating">off</P>
	<P Name="Location">[424, 86, 1435, 700]</P>
	<P Name="Open">off</P>
	<P Name="NumInputPorts">1</P>
	<List ListType="AxesTitles">
	  <P Name="axes1">%&lt;SignalLabel&gt;</P>
	</List>
	<List ListType="ScopeGraphics">
	  <P Name="FigureColor">[0.5 0.5 0.5]</P>
	  <P Name="AxesColor">[0 0 0]</P>
	  <P Name="AxesTickColor">[1 1 1]</P>
	  <P Name="LineColors">[1 1 0;1 0 1;0 1 1;1 0 0;0 1 0;0 0 1]</P>
	  <P Name="LineStyles">-|-|-|-|-|-</P>
	  <P Name="LineWidths">[0.5 0.5 0.5 0.5 0.5 0.5]</P>
	  <P Name="MarkerStyles">none|none|none|none|none|none</P>
	</List>
	<P Name="ShowLegends">off</P>
	<P Name="SaveName">ScopeData4</P>
	<P Name="DataFormat">StructureWithTime</P>
	<P Name="LimitDataPoints">off</P>
	<P Name="SampleTime">0</P>
      </Block>
      <Block BlockType="Step" Name="Step" SID="129">
	<P Name="Position">[210, 160, 240, 190]</P>
	<P Name="ZOrder">87</P>
	<P Name="SampleTime">0</P>
      </Block>
      <Block BlockType="Step" Name="Step1" SID="136">
	<P Name="Position">[65, 455, 95, 485]</P>
	<P Name="ZOrder">93</P>
	<P Name="SampleTime">0</P>
      </Block>
      <Block BlockType="Step" Name="Step2" SID="170">
	<P Name="Position">[65, 595, 95, 625]</P>
	<P Name="ZOrder">104</P>
	<P Name="SampleTime">0</P>
      </Block>
      <Block BlockType="Step" Name="Step3" SID="188">
	<P Name="Position">[65, 770, 95, 800]</P>
	<P Name="ZOrder">109</P>
	<P Name="SampleTime">0</P>
      </Block>
      <Block BlockType="Step" Name="Step4" SID="208">
	<P Name="Position">[260, 340, 290, 370]</P>
	<P Name="ZOrder">116</P>
	<P Name="Time">30</P>
	<P Name="SampleTime">0</P>
      </Block>
      <Block BlockType="Step" Name="Step5" SID="215">
	<P Name="Position">[65, 955, 95, 985]</P>
	<P Name="ZOrder">123</P>
	<P Name="SampleTime">0</P>
      </Block>
      <Block BlockType="SubSystem" Name="Subsystem" SID="111">
	<P Name="Ports">[1, 1]</P>
	<P Name="Position">[325, 146, 390, 204]</P>
	<P Name="ZOrder">86</P>
	<P Name="RequestExecContextInheritance">off</P>
	<System>
	  <P Name="Location">[801, 23, 2084, 923]</P>
	  <P Name="Open">off</P>
	  <P Name="ModelBrowserWidth">200</P>
	  <P Name="TiledPaperMargins">[1.270000, 1.270000, 1.270000, 1.270000]</P>
	  <P Name="TiledPageScale">1</P>
	  <P Name="ZoomFactor">100</P>
	  <Block BlockType="Inport" Name="In1" SID="112">
	    <P Name="Position">[195, 123, 225, 137]</P>
	    <P Name="ZOrder">86</P>
	    <P Name="IconDisplay">Port number</P>
	  </Block>
	  <Block BlockType="Sum" Name="Add" SID="120">
	    <P Name="Ports">[3, 1]</P>
	    <P Name="Position">[425, 199, 455, 231]</P>
	    <P Name="ZOrder">94</P>
	    <P Name="Inputs">+++</P>
	    <P Name="InputSameDT">off</P>
	    <P Name="OutDataTypeStr">Inherit: Inherit via internal rule</P>
	    <P Name="SaturateOnIntegerOverflow">off</P>
	  </Block>
	  <Block BlockType="Gain" Name="Gain" SID="123">
	    <P Name="Position">[605, 200, 635, 230]</P>
	    <P Name="ZOrder">95</P>
	    <P Name="Gain">5/12</P>
	    <P Name="ParamDataTypeStr">Inherit: Inherit via internal rule</P>
	    <P Name="OutDataTypeStr">Inherit: Inherit via internal rule</P>
	    <P Name="SaturateOnIntegerOverflow">off</P>
	  </Block>
	  <Block BlockType="TransferFcn" Name="Transfer Fcn" SID="105">
	    <P Name="Position">[325, 112, 385, 148]</P>
	    <P Name="ZOrder">80</P>
	    <P Name="Numerator">[1 1]</P>
	    <P Name="Denominator">conv([10 1],[0.1 1])</P>
	  </Block>
	  <Block BlockType="TransferFcn" Name="Transfer Fcn1" SID="107">
	    <P Name="Position">[325, 197, 385, 233]</P>
	    <P Name="ZOrder">82</P>
	    <P Name="Numerator">1</P>
	    <P Name="Denominator">conv([10 1],[2 1])</P>
	  </Block>
	  <Block BlockType="TransferFcn" Name="Transfer Fcn2" SID="109">
	    <P Name="Position">[325, 302, 385, 338]</P>
	    <P Name="ZOrder">84</P>
	    <P Name="Numerator">10</P>
	    <P Name="Denominator">[5 1]</P>
	  </Block>
	  <Block BlockType="TransferFcn" Name="Transfer Fcn3" SID="110">
	    <P Name="Position">[480, 197, 540, 233]</P>
	    <P Name="ZOrder">85</P>
	    <P Name="Numerator">1</P>
	  </Block>
	  <Block BlockType="Outport" Name="Out1" SID="118">
	    <P Name="Position">[740, 208, 770, 222]</P>
	    <P Name="ZOrder">92</P>
	    <P Name="IconDisplay">Port number</P>
	  </Block>
	  <Line>
	    <P Name="ZOrder">392</P>
	    <P Name="Src">112#out:1</P>
	    <P Name="Points">[23, 0]</P>
	    <Branch>
	      <P Name="ZOrder">403</P>
	      <P Name="Points">[0, 85]</P>
	      <Branch>
		<P Name="ZOrder">405</P>
		<P Name="Points">[0, 105]</P>
		<P Name="Dst">109#in:1</P>
	      </Branch>
	      <Branch>
		<P Name="ZOrder">404</P>
		<P Name="Dst">107#in:1</P>
	      </Branch>
	    </Branch>
	    <Branch>
	      <P Name="ZOrder">402</P>
	      <P Name="Dst">105#in:1</P>
	    </Branch>
	  </Line>
	  <Line>
	    <P Name="ZOrder">408</P>
	    <P Name="Src">107#out:1</P>
	    <P Name="Dst">120#in:2</P>
	  </Line>
	  <Line>
	    <P Name="ZOrder">407</P>
	    <P Name="Src">105#out:1</P>
	    <P Name="Points">[15, 0; 0, 75]</P>
	    <P Name="Dst">120#in:1</P>
	  </Line>
	  <Line>
	    <P Name="ZOrder">406</P>
	    <P Name="Src">120#out:1</P>
	    <P Name="Dst">110#in:1</P>
	  </Line>
	  <Line>
	    <P Name="ZOrder">409</P>
	    <P Name="Src">109#out:1</P>
	    <P Name="Points">[15, 0; 0, -95]</P>
	    <P Name="Dst">120#in:3</P>
	  </Line>
	  <Line>
	    <P Name="ZOrder">410</P>
	    <P Name="Src">110#out:1</P>
	    <P Name="Dst">123#in:1</P>
	  </Line>
	  <Line>
	    <P Name="ZOrder">411</P>
	    <P Name="Src">123#out:1</P>
	    <P Name="Dst">118#in:1</P>
	  </Line>
	</System>
      </Block>
      <Block BlockType="SubSystem" Name="Subsystem1" SID="137">
	<P Name="Ports">[1, 1]</P>
	<P Name="Position">[395, 446, 460, 504]</P>
	<P Name="ZOrder">92</P>
	<P Name="RequestExecContextInheritance">off</P>
	<System>
	  <P Name="Location">[801, 23, 2084, 923]</P>
	  <P Name="Open">off</P>
	  <P Name="ModelBrowserWidth">200</P>
	  <P Name="TiledPaperMargins">[1.270000, 1.270000, 1.270000, 1.270000]</P>
	  <P Name="TiledPageScale">1</P>
	  <P Name="ZoomFactor">100</P>
	  <Block BlockType="Inport" Name="In1" SID="138">
	    <P Name="Position">[195, 123, 225, 137]</P>
	    <P Name="ZOrder">86</P>
	    <P Name="IconDisplay">Port number</P>
	  </Block>
	  <Block BlockType="Sum" Name="Add" SID="139">
	    <P Name="Ports">[3, 1]</P>
	    <P Name="Position">[425, 199, 455, 231]</P>
	    <P Name="ZOrder">94</P>
	    <P Name="Inputs">+++</P>
	    <P Name="InputSameDT">off</P>
	    <P Name="OutDataTypeStr">Inherit: Inherit via internal rule</P>
	    <P Name="SaturateOnIntegerOverflow">off</P>
	  </Block>
	  <Block BlockType="Gain" Name="Gain" SID="140">
	    <P Name="Position">[605, 200, 635, 230]</P>
	    <P Name="ZOrder">95</P>
	    <P Name="Gain">5/12</P>
	    <P Name="ParamDataTypeStr">Inherit: Inherit via internal rule</P>
	    <P Name="OutDataTypeStr">Inherit: Inherit via internal rule</P>
	    <P Name="SaturateOnIntegerOverflow">off</P>
	  </Block>
	  <Block BlockType="TransferFcn" Name="Transfer Fcn" SID="141">
	    <P Name="Position">[325, 112, 385, 148]</P>
	    <P Name="ZOrder">80</P>
	    <P Name="Numerator">[1 1]</P>
	    <P Name="Denominator">conv([10 1],[0.1 1])</P>
	  </Block>
	  <Block BlockType="TransferFcn" Name="Transfer Fcn1" SID="142">
	    <P Name="Position">[325, 197, 385, 233]</P>
	    <P Name="ZOrder">82</P>
	    <P Name="Numerator">1</P>
	    <P Name="Denominator">conv([10 1],[2 1])</P>
	  </Block>
	  <Block BlockType="TransferFcn" Name="Transfer Fcn2" SID="143">
	    <P Name="Position">[325, 302, 385, 338]</P>
	    <P Name="ZOrder">84</P>
	    <P Name="Numerator">10</P>
	    <P Name="Denominator">[5 1]</P>
	  </Block>
	  <Block BlockType="TransferFcn" Name="Transfer Fcn3" SID="144">
	    <P Name="Position">[480, 197, 540, 233]</P>
	    <P Name="ZOrder">85</P>
	    <P Name="Numerator">1</P>
	  </Block>
	  <Block BlockType="Outport" Name="Out1" SID="145">
	    <P Name="Position">[740, 208, 770, 222]</P>
	    <P Name="ZOrder">92</P>
	    <P Name="IconDisplay">Port number</P>
	  </Block>
	  <Line>
	    <P Name="ZOrder">1</P>
	    <P Name="Src">138#out:1</P>
	    <P Name="Points">[23, 0]</P>
	    <Branch>
	      <P Name="ZOrder">2</P>
	      <P Name="Points">[0, 85]</P>
	      <Branch>
		<P Name="ZOrder">3</P>
		<P Name="Points">[0, 105]</P>
		<P Name="Dst">143#in:1</P>
	      </Branch>
	      <Branch>
		<P Name="ZOrder">4</P>
		<P Name="Dst">142#in:1</P>
	      </Branch>
	    </Branch>
	    <Branch>
	      <P Name="ZOrder">5</P>
	      <P Name="Dst">141#in:1</P>
	    </Branch>
	  </Line>
	  <Line>
	    <P Name="ZOrder">6</P>
	    <P Name="Src">142#out:1</P>
	    <P Name="Dst">139#in:2</P>
	  </Line>
	  <Line>
	    <P Name="ZOrder">7</P>
	    <P Name="Src">141#out:1</P>
	    <P Name="Points">[15, 0; 0, 75]</P>
	    <P Name="Dst">139#in:1</P>
	  </Line>
	  <Line>
	    <P Name="ZOrder">8</P>
	    <P Name="Src">139#out:1</P>
	    <P Name="Dst">144#in:1</P>
	  </Line>
	  <Line>
	    <P Name="ZOrder">9</P>
	    <P Name="Src">143#out:1</P>
	    <P Name="Points">[15, 0; 0, -95]</P>
	    <P Name="Dst">139#in:3</P>
	  </Line>
	  <Line>
	    <P Name="ZOrder">10</P>
	    <P Name="Src">144#out:1</P>
	    <P Name="Dst">140#in:1</P>
	  </Line>
	  <Line>
	    <P Name="ZOrder">11</P>
	    <P Name="Src">140#out:1</P>
	    <P Name="Dst">145#in:1</P>
	  </Line>
	</System>
      </Block>
      <Block BlockType="SubSystem" Name="Subsystem2" SID="171">
	<P Name="Ports">[1, 1]</P>
	<P Name="Position">[395, 586, 460, 644]</P>
	<P Name="ZOrder">103</P>
	<P Name="RequestExecContextInheritance">off</P>
	<System>
	  <P Name="Location">[801, 23, 2084, 923]</P>
	  <P Name="Open">off</P>
	  <P Name="ModelBrowserWidth">200</P>
	  <P Name="TiledPaperMargins">[1.270000, 1.270000, 1.270000, 1.270000]</P>
	  <P Name="TiledPageScale">1</P>
	  <P Name="ZoomFactor">100</P>
	  <Block BlockType="Inport" Name="In1" SID="172">
	    <P Name="Position">[195, 123, 225, 137]</P>
	    <P Name="ZOrder">86</P>
	    <P Name="IconDisplay">Port number</P>
	  </Block>
	  <Block BlockType="Sum" Name="Add" SID="173">
	    <P Name="Ports">[3, 1]</P>
	    <P Name="Position">[425, 199, 455, 231]</P>
	    <P Name="ZOrder">94</P>
	    <P Name="Inputs">+++</P>
	    <P Name="InputSameDT">off</P>
	    <P Name="OutDataTypeStr">Inherit: Inherit via internal rule</P>
	    <P Name="SaturateOnIntegerOverflow">off</P>
	  </Block>
	  <Block BlockType="Gain" Name="Gain" SID="174">
	    <P Name="Position">[605, 200, 635, 230]</P>
	    <P Name="ZOrder">95</P>
	    <P Name="Gain">5/12</P>
	    <P Name="ParamDataTypeStr">Inherit: Inherit via internal rule</P>
	    <P Name="OutDataTypeStr">Inherit: Inherit via internal rule</P>
	    <P Name="SaturateOnIntegerOverflow">off</P>
	  </Block>
	  <Block BlockType="TransferFcn" Name="Transfer Fcn" SID="175">
	    <P Name="Position">[325, 112, 385, 148]</P>
	    <P Name="ZOrder">80</P>
	    <P Name="Numerator">[1 1]</P>
	    <P Name="Denominator">conv([10 1],[0.1 1])</P>
	  </Block>
	  <Block BlockType="TransferFcn" Name="Transfer Fcn1" SID="176">
	    <P Name="Position">[325, 197, 385, 233]</P>
	    <P Name="ZOrder">82</P>
	    <P Name="Numerator">1</P>
	    <P Name="Denominator">conv([10 1],[2 1])</P>
	  </Block>
	  <Block BlockType="TransferFcn" Name="Transfer Fcn2" SID="177">
	    <P Name="Position">[325, 302, 385, 338]</P>
	    <P Name="ZOrder">84</P>
	    <P Name="Numerator">10</P>
	    <P Name="Denominator">[5 1]</P>
	  </Block>
	  <Block BlockType="TransferFcn" Name="Transfer Fcn3" SID="178">
	    <P Name="Position">[480, 197, 540, 233]</P>
	    <P Name="ZOrder">85</P>
	    <P Name="Numerator">1</P>
	  </Block>
	  <Block BlockType="Outport" Name="Out1" SID="179">
	    <P Name="Position">[740, 208, 770, 222]</P>
	    <P Name="ZOrder">92</P>
	    <P Name="IconDisplay">Port number</P>
	  </Block>
	  <Line>
	    <P Name="ZOrder">1</P>
	    <P Name="Src">172#out:1</P>
	    <P Name="Points">[23, 0]</P>
	    <Branch>
	      <P Name="ZOrder">2</P>
	      <P Name="Points">[0, 85]</P>
	      <Branch>
		<P Name="ZOrder">3</P>
		<P Name="Points">[0, 105]</P>
		<P Name="Dst">177#in:1</P>
	      </Branch>
	      <Branch>
		<P Name="ZOrder">4</P>
		<P Name="Dst">176#in:1</P>
	      </Branch>
	    </Branch>
	    <Branch>
	      <P Name="ZOrder">5</P>
	      <P Name="Dst">175#in:1</P>
	    </Branch>
	  </Line>
	  <Line>
	    <P Name="ZOrder">6</P>
	    <P Name="Src">176#out:1</P>
	    <P Name="Dst">173#in:2</P>
	  </Line>
	  <Line>
	    <P Name="ZOrder">7</P>
	    <P Name="Src">175#out:1</P>
	    <P Name="Points">[15, 0; 0, 75]</P>
	    <P Name="Dst">173#in:1</P>
	  </Line>
	  <Line>
	    <P Name="ZOrder">8</P>
	    <P Name="Src">173#out:1</P>
	    <P Name="Dst">178#in:1</P>
	  </Line>
	  <Line>
	    <P Name="ZOrder">9</P>
	    <P Name="Src">177#out:1</P>
	    <P Name="Points">[15, 0; 0, -95]</P>
	    <P Name="Dst">173#in:3</P>
	  </Line>
	  <Line>
	    <P Name="ZOrder">10</P>
	    <P Name="Src">178#out:1</P>
	    <P Name="Dst">174#in:1</P>
	  </Line>
	  <Line>
	    <P Name="ZOrder">11</P>
	    <P Name="Src">174#out:1</P>
	    <P Name="Dst">179#in:1</P>
	  </Line>
	</System>
      </Block>
      <Block BlockType="SubSystem" Name="Subsystem3" SID="189">
	<P Name="Ports">[1, 1]</P>
	<P Name="Position">[395, 761, 460, 819]</P>
	<P Name="ZOrder">108</P>
	<P Name="RequestExecContextInheritance">off</P>
	<System>
	  <P Name="Location">[801, 23, 2084, 923]</P>
	  <P Name="Open">off</P>
	  <P Name="ModelBrowserWidth">200</P>
	  <P Name="TiledPaperMargins">[1.270000, 1.270000, 1.270000, 1.270000]</P>
	  <P Name="TiledPageScale">1</P>
	  <P Name="ZoomFactor">100</P>
	  <Block BlockType="Inport" Name="In1" SID="190">
	    <P Name="Position">[195, 123, 225, 137]</P>
	    <P Name="ZOrder">86</P>
	    <P Name="IconDisplay">Port number</P>
	  </Block>
	  <Block BlockType="Sum" Name="Add" SID="191">
	    <P Name="Ports">[3, 1]</P>
	    <P Name="Position">[425, 199, 455, 231]</P>
	    <P Name="ZOrder">94</P>
	    <P Name="Inputs">+++</P>
	    <P Name="InputSameDT">off</P>
	    <P Name="OutDataTypeStr">Inherit: Inherit via internal rule</P>
	    <P Name="SaturateOnIntegerOverflow">off</P>
	  </Block>
	  <Block BlockType="Gain" Name="Gain" SID="192">
	    <P Name="Position">[605, 200, 635, 230]</P>
	    <P Name="ZOrder">95</P>
	    <P Name="Gain">5/12</P>
	    <P Name="ParamDataTypeStr">Inherit: Inherit via internal rule</P>
	    <P Name="OutDataTypeStr">Inherit: Inherit via internal rule</P>
	    <P Name="SaturateOnIntegerOverflow">off</P>
	  </Block>
	  <Block BlockType="TransferFcn" Name="Transfer Fcn" SID="193">
	    <P Name="Position">[325, 112, 385, 148]</P>
	    <P Name="ZOrder">80</P>
	    <P Name="Numerator">[1 1]</P>
	    <P Name="Denominator">conv([10 1],[0.1 1])</P>
	  </Block>
	  <Block BlockType="TransferFcn" Name="Transfer Fcn1" SID="194">
	    <P Name="Position">[325, 197, 385, 233]</P>
	    <P Name="ZOrder">82</P>
	    <P Name="Numerator">1</P>
	    <P Name="Denominator">conv([10 1],[2 1])</P>
	  </Block>
	  <Block BlockType="TransferFcn" Name="Transfer Fcn2" SID="195">
	    <P Name="Position">[325, 302, 385, 338]</P>
	    <P Name="ZOrder">84</P>
	    <P Name="Numerator">10</P>
	    <P Name="Denominator">[5 1]</P>
	  </Block>
	  <Block BlockType="TransferFcn" Name="Transfer Fcn3" SID="196">
	    <P Name="Position">[480, 197, 540, 233]</P>
	    <P Name="ZOrder">85</P>
	    <P Name="Numerator">1</P>
	  </Block>
	  <Block BlockType="Outport" Name="Out1" SID="197">
	    <P Name="Position">[740, 208, 770, 222]</P>
	    <P Name="ZOrder">92</P>
	    <P Name="IconDisplay">Port number</P>
	  </Block>
	  <Line>
	    <P Name="ZOrder">1</P>
	    <P Name="Src">190#out:1</P>
	    <P Name="Points">[23, 0]</P>
	    <Branch>
	      <P Name="ZOrder">2</P>
	      <P Name="Points">[0, 85]</P>
	      <Branch>
		<P Name="ZOrder">3</P>
		<P Name="Points">[0, 105]</P>
		<P Name="Dst">195#in:1</P>
	      </Branch>
	      <Branch>
		<P Name="ZOrder">4</P>
		<P Name="Dst">194#in:1</P>
	      </Branch>
	    </Branch>
	    <Branch>
	      <P Name="ZOrder">5</P>
	      <P Name="Dst">193#in:1</P>
	    </Branch>
	  </Line>
	  <Line>
	    <P Name="ZOrder">6</P>
	    <P Name="Src">194#out:1</P>
	    <P Name="Dst">191#in:2</P>
	  </Line>
	  <Line>
	    <P Name="ZOrder">7</P>
	    <P Name="Src">193#out:1</P>
	    <P Name="Points">[15, 0; 0, 75]</P>
	    <P Name="Dst">191#in:1</P>
	  </Line>
	  <Line>
	    <P Name="ZOrder">8</P>
	    <P Name="Src">191#out:1</P>
	    <P Name="Dst">196#in:1</P>
	  </Line>
	  <Line>
	    <P Name="ZOrder">9</P>
	    <P Name="Src">195#out:1</P>
	    <P Name="Points">[15, 0; 0, -95]</P>
	    <P Name="Dst">191#in:3</P>
	  </Line>
	  <Line>
	    <P Name="ZOrder">10</P>
	    <P Name="Src">196#out:1</P>
	    <P Name="Dst">192#in:1</P>
	  </Line>
	  <Line>
	    <P Name="ZOrder">11</P>
	    <P Name="Src">192#out:1</P>
	    <P Name="Dst">197#in:1</P>
	  </Line>
	</System>
      </Block>
      <Block BlockType="SubSystem" Name="Subsystem4" SID="259">
	<P Name="Ports">[1, 1]</P>
	<P Name="Position">[400, 946, 465, 1004]</P>
	<P Name="ZOrder">134</P>
	<P Name="RequestExecContextInheritance">off</P>
	<System>
	  <P Name="Location">[801, 23, 2084, 923]</P>
	  <P Name="Open">off</P>
	  <P Name="ModelBrowserWidth">200</P>
	  <P Name="TiledPaperMargins">[1.270000, 1.270000, 1.270000, 1.270000]</P>
	  <P Name="TiledPageScale">1</P>
	  <P Name="ZoomFactor">100</P>
	  <Block BlockType="Inport" Name="In1" SID="260">
	    <P Name="Position">[195, 123, 225, 137]</P>
	    <P Name="ZOrder">86</P>
	    <P Name="IconDisplay">Port number</P>
	  </Block>
	  <Block BlockType="Sum" Name="Add" SID="261">
	    <P Name="Ports">[3, 1]</P>
	    <P Name="Position">[425, 199, 455, 231]</P>
	    <P Name="ZOrder">94</P>
	    <P Name="Inputs">+++</P>
	    <P Name="InputSameDT">off</P>
	    <P Name="OutDataTypeStr">Inherit: Inherit via internal rule</P>
	    <P Name="SaturateOnIntegerOverflow">off</P>
	  </Block>
	  <Block BlockType="Gain" Name="Gain" SID="262">
	    <P Name="Position">[605, 200, 635, 230]</P>
	    <P Name="ZOrder">95</P>
	    <P Name="Gain">5/12</P>
	    <P Name="ParamDataTypeStr">Inherit: Inherit via internal rule</P>
	    <P Name="OutDataTypeStr">Inherit: Inherit via internal rule</P>
	    <P Name="SaturateOnIntegerOverflow">off</P>
	  </Block>
	  <Block BlockType="TransferFcn" Name="Transfer Fcn" SID="263">
	    <P Name="Position">[325, 112, 385, 148]</P>
	    <P Name="ZOrder">80</P>
	    <P Name="Numerator">[1 1]</P>
	    <P Name="Denominator">conv([10 1],[0.1 1])</P>
	  </Block>
	  <Block BlockType="TransferFcn" Name="Transfer Fcn1" SID="264">
	    <P Name="Position">[325, 197, 385, 233]</P>
	    <P Name="ZOrder">82</P>
	    <P Name="Numerator">1</P>
	    <P Name="Denominator">conv([10 1],[2 1])</P>
	  </Block>
	  <Block BlockType="TransferFcn" Name="Transfer Fcn2" SID="265">
	    <P Name="Position">[325, 302, 385, 338]</P>
	    <P Name="ZOrder">84</P>
	    <P Name="Numerator">10</P>
	    <P Name="Denominator">[5 1]</P>
	  </Block>
	  <Block BlockType="TransferFcn" Name="Transfer Fcn3" SID="266">
	    <P Name="Position">[480, 197, 540, 233]</P>
	    <P Name="ZOrder">85</P>
	    <P Name="Numerator">1</P>
	  </Block>
	  <Block BlockType="Outport" Name="Out1" SID="267">
	    <P Name="Position">[740, 208, 770, 222]</P>
	    <P Name="ZOrder">92</P>
	    <P Name="IconDisplay">Port number</P>
	  </Block>
	  <Line>
	    <P Name="ZOrder">1</P>
	    <P Name="Src">262#out:1</P>
	    <P Name="Dst">267#in:1</P>
	  </Line>
	  <Line>
	    <P Name="ZOrder">2</P>
	    <P Name="Src">266#out:1</P>
	    <P Name="Dst">262#in:1</P>
	  </Line>
	  <Line>
	    <P Name="ZOrder">3</P>
	    <P Name="Src">265#out:1</P>
	    <P Name="Points">[15, 0; 0, -95]</P>
	    <P Name="Dst">261#in:3</P>
	  </Line>
	  <Line>
	    <P Name="ZOrder">4</P>
	    <P Name="Src">261#out:1</P>
	    <P Name="Dst">266#in:1</P>
	  </Line>
	  <Line>
	    <P Name="ZOrder">5</P>
	    <P Name="Src">263#out:1</P>
	    <P Name="Points">[15, 0; 0, 75]</P>
	    <P Name="Dst">261#in:1</P>
	  </Line>
	  <Line>
	    <P Name="ZOrder">6</P>
	    <P Name="Src">264#out:1</P>
	    <P Name="Dst">261#in:2</P>
	  </Line>
	  <Line>
	    <P Name="ZOrder">7</P>
	    <P Name="Src">260#out:1</P>
	    <P Name="Points">[23, 0]</P>
	    <Branch>
	      <P Name="ZOrder">8</P>
	      <P Name="Dst">263#in:1</P>
	    </Branch>
	    <Branch>
	      <P Name="ZOrder">9</P>
	      <P Name="Points">[0, 85]</P>
	      <Branch>
		<P Name="ZOrder">10</P>
		<P Name="Dst">264#in:1</P>
	      </Branch>
	      <Branch>
		<P Name="ZOrder">11</P>
		<P Name="Points">[0, 105]</P>
		<P Name="Dst">265#in:1</P>
	      </Branch>
	    </Branch>
	  </Line>
	</System>
      </Block>
      <Block BlockType="SubSystem" Name="Subsystem5" SID="238">
	<P Name="Ports">[1, 1]</P>
	<P Name="Position">[855, 961, 920, 1019]</P>
	<P Name="ZOrder">129</P>
	<P Name="RequestExecContextInheritance">off</P>
	<System>
	  <P Name="Location">[801, 23, 2084, 923]</P>
	  <P Name="Open">off</P>
	  <P Name="ModelBrowserWidth">200</P>
	  <P Name="TiledPaperMargins">[1.270000, 1.270000, 1.270000, 1.270000]</P>
	  <P Name="TiledPageScale">1</P>
	  <P Name="ZoomFactor">100</P>
	  <Block BlockType="Inport" Name="In1" SID="239">
	    <P Name="Position">[195, 123, 225, 137]</P>
	    <P Name="ZOrder">86</P>
	    <P Name="IconDisplay">Port number</P>
	  </Block>
	  <Block BlockType="Sum" Name="Add" SID="240">
	    <P Name="Ports">[3, 1]</P>
	    <P Name="Position">[425, 199, 455, 231]</P>
	    <P Name="ZOrder">94</P>
	    <P Name="Inputs">+++</P>
	    <P Name="InputSameDT">off</P>
	    <P Name="OutDataTypeStr">Inherit: Inherit via internal rule</P>
	    <P Name="SaturateOnIntegerOverflow">off</P>
	  </Block>
	  <Block BlockType="Gain" Name="Gain" SID="241">
	    <P Name="Position">[605, 200, 635, 230]</P>
	    <P Name="ZOrder">95</P>
	    <P Name="Gain">5/12</P>
	    <P Name="ParamDataTypeStr">Inherit: Inherit via internal rule</P>
	    <P Name="OutDataTypeStr">Inherit: Inherit via internal rule</P>
	    <P Name="SaturateOnIntegerOverflow">off</P>
	  </Block>
	  <Block BlockType="TransferFcn" Name="Transfer Fcn" SID="242">
	    <P Name="Position">[325, 112, 385, 148]</P>
	    <P Name="ZOrder">80</P>
	    <P Name="Numerator">[1 1]</P>
	    <P Name="Denominator">conv([10 1],[0.1 1])</P>
	  </Block>
	  <Block BlockType="TransferFcn" Name="Transfer Fcn1" SID="243">
	    <P Name="Position">[325, 197, 385, 233]</P>
	    <P Name="ZOrder">82</P>
	    <P Name="Numerator">1</P>
	    <P Name="Denominator">conv([10 1],[2 1])</P>
	  </Block>
	  <Block BlockType="TransferFcn" Name="Transfer Fcn2" SID="244">
	    <P Name="Position">[325, 302, 385, 338]</P>
	    <P Name="ZOrder">84</P>
	    <P Name="Numerator">10</P>
	    <P Name="Denominator">[5 1]</P>
	  </Block>
	  <Block BlockType="TransferFcn" Name="Transfer Fcn3" SID="245">
	    <P Name="Position">[480, 197, 540, 233]</P>
	    <P Name="ZOrder">85</P>
	    <P Name="Numerator">1</P>
	  </Block>
	  <Block BlockType="Outport" Name="Out1" SID="246">
	    <P Name="Position">[740, 208, 770, 222]</P>
	    <P Name="ZOrder">92</P>
	    <P Name="IconDisplay">Port number</P>
	  </Block>
	  <Line>
	    <P Name="ZOrder">1</P>
	    <P Name="Src">239#out:1</P>
	    <P Name="Points">[23, 0]</P>
	    <Branch>
	      <P Name="ZOrder">2</P>
	      <P Name="Points">[0, 85]</P>
	      <Branch>
		<P Name="ZOrder">3</P>
		<P Name="Points">[0, 105]</P>
		<P Name="Dst">244#in:1</P>
	      </Branch>
	      <Branch>
		<P Name="ZOrder">4</P>
		<P Name="Dst">243#in:1</P>
	      </Branch>
	    </Branch>
	    <Branch>
	      <P Name="ZOrder">5</P>
	      <P Name="Dst">242#in:1</P>
	    </Branch>
	  </Line>
	  <Line>
	    <P Name="ZOrder">6</P>
	    <P Name="Src">243#out:1</P>
	    <P Name="Dst">240#in:2</P>
	  </Line>
	  <Line>
	    <P Name="ZOrder">7</P>
	    <P Name="Src">242#out:1</P>
	    <P Name="Points">[15, 0; 0, 75]</P>
	    <P Name="Dst">240#in:1</P>
	  </Line>
	  <Line>
	    <P Name="ZOrder">8</P>
	    <P Name="Src">240#out:1</P>
	    <P Name="Dst">245#in:1</P>
	  </Line>
	  <Line>
	    <P Name="ZOrder">9</P>
	    <P Name="Src">244#out:1</P>
	    <P Name="Points">[15, 0; 0, -95]</P>
	    <P Name="Dst">240#in:3</P>
	  </Line>
	  <Line>
	    <P Name="ZOrder">10</P>
	    <P Name="Src">245#out:1</P>
	    <P Name="Dst">241#in:1</P>
	  </Line>
	  <Line>
	    <P Name="ZOrder">11</P>
	    <P Name="Src">241#out:1</P>
	    <P Name="Dst">246#in:1</P>
	  </Line>
	</System>
      </Block>
      <Block BlockType="TransferFcn" Name="Transfer Fcn" SID="131">
	<P Name="Position">[330, 232, 390, 268]</P>
	<P Name="ZOrder">89</P>
	<P Name="Numerator">5</P>
	<P Name="Denominator">[tau 1]</P>
      </Block>
      <Block BlockType="TransportDelay" Name="Transport&#xA;Delay" SID="132">
	<P Name="Ports">[1, 1]</P>
	<P Name="Position">[425, 235, 455, 265]</P>
	<P Name="ZOrder">90</P>
	<P Name="DelayTime">L</P>
      </Block>
      <Block BlockType="SubSystem" Name="Triggered&#xA;Subsystem" SID="149">
	<P Name="Ports">[1, 1, 0, 1]</P>
	<P Name="Position">[195, 454, 295, 496]</P>
	<P Name="ZOrder">98</P>
	<P Name="TreatAsAtomicUnit">on</P>
	<P Name="RequestExecContextInheritance">off</P>
	<System>
	  <P Name="Location">[455, 23, 1255, 555]</P>
	  <P Name="Open">off</P>
	  <P Name="ModelBrowserWidth">200</P>
	  <P Name="TiledPaperMargins">[1.270000, 1.270000, 1.270000, 1.270000]</P>
	  <P Name="TiledPageScale">1</P>
	  <P Name="ZoomFactor">100</P>
	  <Block BlockType="Inport" Name="In1" SID="150">
	    <P Name="Position">[110, 103, 140, 117]</P>
	    <P Name="ZOrder">-1</P>
	    <P Name="IconDisplay">Port number</P>
	  </Block>
	  <Block BlockType="TriggerPort" Name="Trigger" SID="151">
	    <P Name="Ports">[]</P>
	    <P Name="Position">[225, 20, 245, 40]</P>
	    <P Name="ZOrder">-2</P>
	    <P Name="StatesWhenEnabling">held</P>
	  </Block>
	  <Block BlockType="DiscreteTransferFcn" Name="Discrete&#xA;Transfer Fcn" SID="153">
	    <P Name="Ports">[1, 1]</P>
	    <P Name="Position">[225, 92, 285, 128]</P>
	    <P Name="ZOrder">100</P>
	    <P Name="InputPortMap">u0</P>
	    <P Name="Numerator">cell2mat(PID1_d.num)</P>
	    <P Name="Denominator">cell2mat(PID1_d.den)</P>
	  </Block>
	  <Block BlockType="Outport" Name="Out1" SID="152">
	    <P Name="Position">[360, 103, 390, 117]</P>
	    <P Name="ZOrder">-3</P>
	    <P Name="IconDisplay">Port number</P>
	  </Block>
	  <Line>
	    <P Name="ZOrder">2</P>
	    <P Name="Src">150#out:1</P>
	    <P Name="Dst">153#in:1</P>
	  </Line>
	  <Line>
	    <P Name="ZOrder">3</P>
	    <P Name="Src">153#out:1</P>
	    <P Name="Dst">152#in:1</P>
	  </Line>
	</System>
      </Block>
      <Block BlockType="SubSystem" Name="Triggered&#xA;Subsystem1" SID="180">
	<P Name="Ports">[1, 1, 0, 1]</P>
	<P Name="Position">[195, 594, 295, 636]</P>
	<P Name="ZOrder">105</P>
	<P Name="TreatAsAtomicUnit">on</P>
	<P Name="RequestExecContextInheritance">off</P>
	<System>
	  <P Name="Location">[801, 23, 2084, 923]</P>
	  <P Name="Open">off</P>
	  <P Name="ModelBrowserWidth">200</P>
	  <P Name="TiledPaperMargins">[1.270000, 1.270000, 1.270000, 1.270000]</P>
	  <P Name="TiledPageScale">1</P>
	  <P Name="ZoomFactor">100</P>
	  <Block BlockType="Inport" Name="In1" SID="181">
	    <P Name="Position">[110, 103, 140, 117]</P>
	    <P Name="ZOrder">-1</P>
	    <P Name="IconDisplay">Port number</P>
	  </Block>
	  <Block BlockType="TriggerPort" Name="Trigger" SID="182">
	    <P Name="Ports">[]</P>
	    <P Name="Position">[225, 20, 245, 40]</P>
	    <P Name="ZOrder">-2</P>
	    <P Name="StatesWhenEnabling">held</P>
	  </Block>
	  <Block BlockType="DiscreteTransferFcn" Name="Discrete&#xA;Transfer Fcn" SID="183">
	    <P Name="Ports">[1, 1]</P>
	    <P Name="Position">[225, 92, 285, 128]</P>
	    <P Name="ZOrder">100</P>
	    <P Name="InputPortMap">u0</P>
	    <P Name="Numerator">cell2mat(PID2_d.num)</P>
	    <P Name="Denominator">cell2mat(PID2_d.den)</P>
	  </Block>
	  <Block BlockType="Outport" Name="Out1" SID="184">
	    <P Name="Position">[360, 103, 390, 117]</P>
	    <P Name="ZOrder">-3</P>
	    <P Name="IconDisplay">Port number</P>
	  </Block>
	  <Line>
	    <P Name="ZOrder">1</P>
	    <P Name="Src">181#out:1</P>
	    <P Name="Dst">183#in:1</P>
	  </Line>
	  <Line>
	    <P Name="ZOrder">2</P>
	    <P Name="Src">183#out:1</P>
	    <P Name="Dst">184#in:1</P>
	  </Line>
	</System>
      </Block>
      <Block BlockType="SubSystem" Name="Triggered&#xA;Subsystem2" SID="198">
	<P Name="Ports">[1, 1, 0, 1]</P>
	<P Name="Position">[195, 769, 295, 811]</P>
	<P Name="ZOrder">110</P>
	<P Name="TreatAsAtomicUnit">on</P>
	<P Name="RequestExecContextInheritance">off</P>
	<System>
	  <P Name="Location">[801, 23, 2084, 855]</P>
	  <P Name="Open">off</P>
	  <P Name="ModelBrowserWidth">200</P>
	  <P Name="TiledPaperMargins">[1.270000, 1.270000, 1.270000, 1.270000]</P>
	  <P Name="TiledPageScale">1</P>
	  <P Name="ZoomFactor">100</P>
	  <Block BlockType="Inport" Name="In1" SID="199">
	    <P Name="Position">[110, 103, 140, 117]</P>
	    <P Name="ZOrder">-1</P>
	    <P Name="IconDisplay">Port number</P>
	  </Block>
	  <Block BlockType="TriggerPort" Name="Trigger" SID="200">
	    <P Name="Ports">[]</P>
	    <P Name="Position">[225, 20, 245, 40]</P>
	    <P Name="ZOrder">-2</P>
	    <P Name="StatesWhenEnabling">held</P>
	  </Block>
	  <Block BlockType="DiscreteTransferFcn" Name="Discrete&#xA;Transfer Fcn" SID="201">
	    <P Name="Ports">[1, 1]</P>
	    <P Name="Position">[225, 92, 285, 128]</P>
	    <P Name="ZOrder">100</P>
	    <P Name="InputPortMap">u0</P>
	    <P Name="Numerator">cell2mat(PID3_d.num)</P>
	    <P Name="Denominator">cell2mat(PID3_d.den)</P>
	  </Block>
	  <Block BlockType="Outport" Name="Out1" SID="202">
	    <P Name="Position">[360, 103, 390, 117]</P>
	    <P Name="ZOrder">-3</P>
	    <P Name="IconDisplay">Port number</P>
	  </Block>
	  <Line>
	    <P Name="ZOrder">1</P>
	    <P Name="Src">199#out:1</P>
	    <P Name="Dst">201#in:1</P>
	  </Line>
	  <Line>
	    <P Name="ZOrder">2</P>
	    <P Name="Src">201#out:1</P>
	    <P Name="Dst">202#in:1</P>
	  </Line>
	</System>
      </Block>
      <Block BlockType="SubSystem" Name="Triggered&#xA;Subsystem4" SID="230">
	<P Name="Ports">[1, 1, 0, 1]</P>
	<P Name="Position">[195, 954, 295, 996]</P>
	<P Name="ZOrder">124</P>
	<P Name="TreatAsAtomicUnit">on</P>
	<P Name="RequestExecContextInheritance">off</P>
	<System>
	  <P Name="Location">[637, 23, 1920, 855]</P>
	  <P Name="Open">off</P>
	  <P Name="ModelBrowserWidth">200</P>
	  <P Name="TiledPaperMargins">[1.270000, 1.270000, 1.270000, 1.270000]</P>
	  <P Name="TiledPageScale">1</P>
	  <P Name="ZoomFactor">100</P>
	  <Block BlockType="Inport" Name="In1" SID="231">
	    <P Name="Position">[110, 103, 140, 117]</P>
	    <P Name="ZOrder">-1</P>
	    <P Name="IconDisplay">Port number</P>
	  </Block>
	  <Block BlockType="TriggerPort" Name="Trigger" SID="232">
	    <P Name="Ports">[]</P>
	    <P Name="Position">[225, 20, 245, 40]</P>
	    <P Name="ZOrder">-2</P>
	    <P Name="StatesWhenEnabling">held</P>
	  </Block>
	  <Block BlockType="DiscreteTransferFcn" Name="Discrete&#xA;Transfer Fcn" SID="233">
	    <P Name="Ports">[1, 1]</P>
	    <P Name="Position">[225, 92, 285, 128]</P>
	    <P Name="ZOrder">100</P>
	    <P Name="InputPortMap">u0</P>
	    <P Name="Numerator">cell2mat(Can_d.num)</P>
	    <P Name="Denominator">cell2mat(Can_d.den)</P>
	  </Block>
	  <Block BlockType="Outport" Name="Out1" SID="234">
	    <P Name="Position">[360, 103, 390, 117]</P>
	    <P Name="ZOrder">-3</P>
	    <P Name="IconDisplay">Port number</P>
	  </Block>
	  <Line>
	    <P Name="ZOrder">1</P>
	    <P Name="Src">233#out:1</P>
	    <P Name="Dst">234#in:1</P>
	  </Line>
	  <Line>
	    <P Name="ZOrder">2</P>
	    <P Name="Src">231#out:1</P>
	    <P Name="Dst">233#in:1</P>
	  </Line>
	</System>
      </Block>
      <Line>
	<P Name="ZOrder">1</P>
	<P Name="Src">129#out:1</P>
	<P Name="Points">[17, 0]</P>
	<Branch>
	  <P Name="ZOrder">8</P>
	  <P Name="Points">[0, 75]</P>
	  <Branch>
	    <P Name="ZOrder">70</P>
	    <P Name="Points">[0, 65]</P>
	    <P Name="Dst">212#in:1</P>
	  </Branch>
	  <Branch>
	    <P Name="ZOrder">69</P>
	    <P Name="Dst">131#in:1</P>
	  </Branch>
	</Branch>
	<Branch>
	  <P Name="ZOrder">7</P>
	  <P Name="Dst">111#in:1</P>
	</Branch>
      </Line>
      <Line>
	<P Name="ZOrder">4</P>
	<P Name="Src">111#out:1</P>
	<P Name="Points">[145, 0]</P>
	<P Name="Dst">133#in:1</P>
      </Line>
      <Line>
	<P Name="ZOrder">3</P>
	<P Name="Src">131#out:1</P>
	<P Name="Dst">132#in:1</P>
      </Line>
      <Line>
	<P Name="ZOrder">5</P>
	<P Name="Src">132#out:1</P>
	<P Name="Points">[45, 0; 0, -40]</P>
	<P Name="Dst">133#in:2</P>
      </Line>
      <Line>
	<P Name="ZOrder">6</P>
	<P Name="Src">133#out:1</P>
	<P Name="Points">[28, 0; 0, -35]</P>
	<P Name="Dst">130#in:1</P>
      </Line>
      <Line>
	<P Name="ZOrder">12</P>
	<P Name="Src">137#out:1</P>
	<P Name="Points">[23, 0]</P>
	<Branch>
	  <P Name="ZOrder">20</P>
	  <P Name="Points">[0, 55; -377, 0; 0, -50]</P>
	  <P Name="Dst">154#in:2</P>
	</Branch>
	<Branch>
	  <P Name="ZOrder">19</P>
	  <P Name="Points">[57, 0]</P>
	  <P Name="Dst">134#in:1</P>
	</Branch>
      </Line>
      <Line>
	<P Name="ZOrder">15</P>
	<P Name="Src">134#out:1</P>
	<P Name="Points">[28, 0; 0, -35]</P>
	<P Name="Dst">135#in:1</P>
      </Line>
      <Line>
	<P Name="ZOrder">17</P>
	<P Name="Src">136#out:1</P>
	<P Name="Points">[25, 0]</P>
	<P Name="Dst">154#in:1</P>
      </Line>
      <Line>
	<P Name="ZOrder">18</P>
	<P Name="Src">154#out:1</P>
	<P Name="Dst">149#in:1</P>
      </Line>
      <Line>
	<P Name="ZOrder">26</P>
	<P Name="Src">170#out:1</P>
	<P Name="Points">[25, 0]</P>
	<P Name="Dst">169#in:1</P>
      </Line>
      <Line>
	<P Name="ZOrder">27</P>
	<P Name="Src">169#out:1</P>
	<P Name="Dst">180#in:1</P>
      </Line>
      <Line>
	<P Name="ZOrder">38</P>
	<P Name="Src">189#out:1</P>
	<P Name="Points">[23, 0]</P>
	<Branch>
	  <P Name="ZOrder">52</P>
	  <P Name="Points">[0, 55; -377, 0; 0, -50]</P>
	  <P Name="Dst">187#in:2</P>
	</Branch>
	<Branch>
	  <P Name="ZOrder">47</P>
	  <P Name="Points">[0, -100]</P>
	  <P Name="Dst">203#in:2</P>
	</Branch>
      </Line>
      <Line>
	<P Name="ZOrder">65</P>
	<P Name="Src">198#out:1</P>
	<P Name="Dst">211#in:2</P>
      </Line>
      <Line>
	<P Name="ZOrder">41</P>
	<P Name="Src">187#out:1</P>
	<P Name="Dst">198#in:1</P>
      </Line>
      <Line>
	<P Name="ZOrder">29</P>
	<P Name="Src">186#out:1</P>
	<P Name="Points">[95, 0; 0, 50]</P>
	<Branch>
	  <P Name="ZOrder">31</P>
	  <P Name="Points">[-194, 0; 0, 153]</P>
	  <Branch>
	    <P Name="ZOrder">44</P>
	    <P Name="Points">[0, 153]</P>
	    <Branch>
	      <P Name="ZOrder">145</P>
	      <P Name="Points">[194, 0]</P>
	      <P Name="Dst">198#trigger</P>
	    </Branch>
	    <Branch>
	      <P Name="ZOrder">144</P>
	      <P Name="Points">[0, 112; 194, 0]</P>
	      <P Name="Dst">230#trigger</P>
	    </Branch>
	  </Branch>
	  <Branch>
	    <P Name="ZOrder">43</P>
	    <P Name="Points">[194, 0]</P>
	    <P Name="Dst">180#trigger</P>
	  </Branch>
	</Branch>
	<Branch>
	  <P Name="ZOrder">30</P>
	  <P Name="Dst">149#trigger</P>
	</Branch>
      </Line>
      <Line>
	<P Name="ZOrder">46</P>
	<P Name="Src">203#out:1</P>
	<P Name="Points">[28, 0; 0, -35]</P>
	<P Name="Dst">204#in:1</P>
      </Line>
      <Line>
	<P Name="ZOrder">54</P>
	<P Name="Src">149#out:1</P>
	<P Name="Dst">209#in:2</P>
      </Line>
      <Line>
	<P Name="ZOrder">56</P>
	<P Name="Src">209#out:1</P>
	<P Name="Points">[15, 0; 0, 5]</P>
	<P Name="Dst">137#in:1</P>
      </Line>
      <Line>
	<P Name="ZOrder">58</P>
	<P Name="Src">180#out:1</P>
	<P Name="Dst">210#in:2</P>
      </Line>
      <Line>
	<P Name="ZOrder">59</P>
	<P Name="Src">210#out:1</P>
	<P Name="Points">[13, 0; 0, 5]</P>
	<P Name="Dst">171#in:1</P>
      </Line>
      <Line>
	<P Name="ZOrder">66</P>
	<P Name="Src">211#out:1</P>
	<P Name="Points">[9, 0; 0, 5]</P>
	<P Name="Dst">189#in:1</P>
      </Line>
      <Line>
	<P Name="ZOrder">72</P>
	<P Name="Src">212#out:1</P>
	<P Name="Points">[135, 0; 0, -95]</P>
	<P Name="Dst">133#in:3</P>
      </Line>
      <Line>
	<P Name="ZOrder">24</P>
	<P Name="Src">171#out:1</P>
	<P Name="Points">[23, 0]</P>
	<Branch>
	  <P Name="ZOrder">28</P>
	  <P Name="Points">[0, -71; 51, 0; 0, -24]</P>
	  <P Name="Dst">134#in:2</P>
	</Branch>
	<Branch>
	  <P Name="ZOrder">23</P>
	  <P Name="Points">[0, 55]</P>
	  <Branch>
	    <P Name="ZOrder">131</P>
	    <P Name="Points">[36, 0]</P>
	    <Branch>
	      <P Name="ZOrder">130</P>
	      <P Name="Points">[0, 185]</P>
	      <P Name="Dst">236#in:1</P>
	    </Branch>
	    <Branch>
	      <P Name="ZOrder">49</P>
	      <P Name="Dst">203#in:1</P>
	    </Branch>
	  </Branch>
	  <Branch>
	    <P Name="ZOrder">53</P>
	    <P Name="Points">[-377, 0; 0, -50]</P>
	    <P Name="Dst">169#in:2</P>
	  </Branch>
	</Branch>
      </Line>
      <Line>
	<P Name="ZOrder">183</P>
	<P Name="Src">259#out:1</P>
	<P Name="Points">[18, 0]</P>
	<Branch>
	  <P Name="ZOrder">128</P>
	  <P Name="Points">[0, -100]</P>
	  <P Name="Dst">236#in:2</P>
	</Branch>
	<Branch>
	  <P Name="ZOrder">116</P>
	  <P Name="Points">[0, 55; -377, 0; 0, -50]</P>
	  <P Name="Dst">213#in:2</P>
	</Branch>
      </Line>
      <Line>
	<P Name="ZOrder">119</P>
	<P Name="Src">230#out:1</P>
	<P Name="Points">[13, 0]</P>
	<Branch>
	  <P Name="ZOrder">142</P>
	  <P Name="Dst">214#in:2</P>
	</Branch>
	<Branch>
	  <P Name="ZOrder">141</P>
	  <P Name="Points">[0, -95]</P>
	  <P Name="Dst">248#in:1</P>
	</Branch>
      </Line>
      <Line>
	<P Name="ZOrder">120</P>
	<P Name="Src">215#out:1</P>
	<P Name="Points">[25, 0]</P>
	<P Name="Dst">213#in:1</P>
      </Line>
      <Line>
	<P Name="ZOrder">121</P>
	<P Name="Src">213#out:1</P>
	<P Name="Dst">230#in:1</P>
      </Line>
      <Line>
	<P Name="ZOrder">40</P>
	<P Name="Src">188#out:1</P>
	<P Name="Points">[25, 0]</P>
	<P Name="Dst">187#in:1</P>
      </Line>
      <Line>
	<P Name="ZOrder">55</P>
	<P Name="Src">208#out:1</P>
	<P Name="Points">[156, 0; 0, 80; -142, 0; 0, 25]</P>
	<Branch>
	  <P Name="ZOrder">63</P>
	  <P Name="Dst">209#in:1</P>
	</Branch>
	<Branch>
	  <P Name="ZOrder">61</P>
	  <P Name="Points">[0, 86; -18, 0; 0, 43; 23, 0; 0, 11; 1, 0]</P>
	  <Branch>
	    <P Name="ZOrder">68</P>
	    <P Name="Points">[0, 101; -9, 0; 0, 74; 2, 0]</P>
	    <Branch>
	      <P Name="ZOrder">137</P>
	      <P Name="Points">[0, 185]</P>
	      <P Name="Dst">214#in:1</P>
	    </Branch>
	    <Branch>
	      <P Name="ZOrder">136</P>
	      <P Name="Dst">211#in:1</P>
	    </Branch>
	  </Branch>
	  <Branch>
	    <P Name="ZOrder">67</P>
	    <P Name="Dst">210#in:1</P>
	  </Branch>
	</Branch>
      </Line>
      <Line>
	<P Name="ZOrder">184</P>
	<P Name="Src">214#out:1</P>
	<P Name="Points">[9, 0; 0, 5]</P>
	<P Name="Dst">259#in:1</P>
      </Line>
      <Line>
	<P Name="ZOrder">132</P>
	<P Name="Src">236#out:1</P>
	<P Name="Dst">237#in:1</P>
      </Line>
      <Annotation SID="185">
	<P Name="Name">SISTEMA RETROAZIONE PID</P>
	<P Name="Position">[328, 567, 467, 579]</P>
	<P Name="InternalMargins">[0, 0, 0, 0]</P>
	<P Name="FixedHeight">off</P>
	<P Name="FixedWidth">off</P>
	<P Name="HorizontalAlignment">left</P>
	<P Name="VerticalAlignment">top</P>
	<P Name="ZOrder">-1</P>
      </Annotation>
      <Annotation SID="148">
	<P Name="Name">SISTEMA RETROAZIONATO PI</P>
	<P Name="Position">[296, 416, 441, 428]</P>
	<P Name="InternalMargins">[0, 0, 0, 0]</P>
	<P Name="FixedHeight">off</P>
	<P Name="FixedWidth">off</P>
	<P Name="HorizontalAlignment">left</P>
	<P Name="VerticalAlignment">top</P>
	<P Name="ZOrder">-2</P>
      </Annotation>
      <Annotation SID="207">
	<P Name="Name">SISTEMA RETROAZIONE PID
discretizzazione mista</P>
	<P Name="Position">[313, 727, 452, 749]</P>
	<P Name="InternalMargins">[0, 0, 0, 0]</P>
	<P Name="FixedHeight">off</P>
	<P Name="FixedWidth">off</P>
	<P Name="HorizontalAlignment">left</P>
	<P Name="VerticalAlignment">top</P>
	<P Name="ZOrder">-1</P>
      </Annotation>
      <Annotation SID="235">
	<P Name="Name">controllo analitico</P>
	<P Name="Position">[313, 912, 392, 924]</P>
	<P Name="InternalMargins">[0, 0, 0, 0]</P>
	<P Name="FixedHeight">off</P>
	<P Name="FixedWidth">off</P>
	<P Name="HorizontalAlignment">left</P>
	<P Name="VerticalAlignment">top</P>
	<P Name="ZOrder">-1</P>
      </Annotation>
    </System>
  </Model>
</ModelInformation>
